geoid,poly_state,county_name,n_accidents,high_risk_rate,avg_severity
06037,CA,Los Angeles,526313,0.2236,2.229
12086,FL,Miami-Dade,250123,0.0774,2.087
48201,TX,Harris,180905,0.1892,2.194
48113,TX,Dallas,155668,0.2864,2.29
37119,NC,Mecklenburg,145741,0.0607,2.048
12095,FL,Orange,123629,0.072,2.076
37183,NC,Wake,117845,0.0956,2.09
06071,CA,San Bernardino,109475,0.1849,2.191
48453,TX,Travis,108073,0.091,2.087
06059,CA,Orange,107620,0.1683,2.173
04013,AZ,Maricopa,106096,0.1435,2.127
06073,CA,San Diego,104130,0.2087,2.213
06001,CA,Alameda,98602,0.3196,2.312
47037,TN,Davidson,95466,0.1476,2.136
06067,CA,Sacramento,95351,0.0888,2.083
06065,CA,Riverside,88146,0.149,2.153
22033,LA,East Baton Rouge,74682,0.0912,2.078
06085,CA,Santa Clara,70649,0.1384,2.13
42091,PA,Montgomery,68158,0.0645,2.068
17031,IL,Cook,65414,0.5231,2.545
27053,MN,Hennepin,58842,0.2328,2.234
45045,SC,Greenville,56959,0.0962,2.075
53033,WA,King,56708,0.3115,2.328
13121,GA,Fulton,54217,0.4676,2.507
12011,FL,Broward,53725,0.3131,2.335
12057,FL,Hillsborough,52592,0.2071,2.2
06013,CA,Contra Costa,51318,0.1984,2.189
40109,OK,Oklahoma,45866,0.1125,2.103
51059,VA,Fairfax,45141,0.2856,2.304
12031,FL,Duval,41766,0.3841,2.4
36081,NY,Queens,41317,0.2621,2.28
12103,FL,Pinellas,41288,0.0776,2.064
17043,IL,DuPage,40856,0.162,2.15
26049,MI,Genesee,40639,0.1281,2.131
04019,AZ,Pima,40343,0.0388,1.966
26163,MI,Wayne,40160,0.4466,2.468
45083,SC,Spartanburg,39613,0.1368,2.121
45079,SC,Richland,39016,0.1732,2.175
48029,TX,Bexar,38634,0.2471,2.25
49035,UT,Salt Lake,38516,0.187,2.193
36119,NY,Westchester,38166,0.2315,2.243
06029,CA,Kern,37511,0.0339,2.04
12071,FL,Lee,34545,0.0666,2.06
06077,CA,San Joaquin,33963,0.1231,2.119
48439,TX,Tarrant,33935,0.3952,2.409
17097,IL,Lake,33694,0.1974,2.208
41051,OR,Multnomah,32772,0.1583,2.162
18097,IN,Marion,32524,0.2704,2.279
36055,NY,Monroe,32477,0.0938,2.095
06019,CA,Fresno,31513,0.0249,2.018
12099,FL,Palm Beach,30893,0.3138,2.312
06081,CA,San Mateo,30526,0.1208,2.117
51760,VA,Richmond,29896,0.1259,2.094
26081,MI,Kent,27986,0.0898,2.087
42071,PA,Lancaster,27389,0.0466,2.063
24033,MD,Prince George's,27274,0.1848,2.228
36005,NY,Bronx,27136,0.3538,2.371
39113,OH,Montgomery,27062,0.1197,2.109
27123,MN,Ramsey,26731,0.2686,2.271
22071,LA,Orleans,26617,0.1337,2.117
40143,OK,Tulsa,25531,0.0337,2.011
06097,CA,Sonoma,25394,0.0205,2.007
13089,GA,DeKalb,24731,0.5288,2.576
45063,SC,Lexington,24575,0.2102,2.216
39049,OH,Franklin,23672,0.414,2.448
29095,MO,Jackson,23370,0.2923,2.32
36059,NY,Nassau,23312,0.1224,2.139
09110,CT,Capitol,23021,0.3318,2.379
45007,SC,Anderson,22866,0.0737,2.054
45051,SC,Horry,22725,0.015,2.004
12081,FL,Manatee,22611,0.0946,2.099
24031,MD,Montgomery,22523,0.2641,2.315
51087,VA,Henrico,22486,0.122,2.102
24005,MD,Baltimore,22347,0.3353,2.395
06095,CA,Solano,22109,0.3129,2.307
36061,NY,New York,22085,0.1739,2.196
36103,NY,Suffolk,21828,0.1487,2.186
31055,NE,Douglas,21404,0.1724,2.175
06111,CA,Ventura,21264,0.0191,2.022
36047,NY,Kings,21239,0.2902,2.312
47065,TN,Hamilton,21191,0.1236,2.126
08031,CO,Denver,21189,0.4057,2.417
42101,PA,Philadelphia,20284,0.345,2.38
12115,FL,Sarasota,20098,0.0866,2.09
42133,PA,York,20032,0.0994,2.117
12101,FL,Pasco,19956,0.0475,2.035
42003,PA,Allegheny,19767,0.3157,2.379
25017,MA,Middlesex,19589,0.3353,2.32
06053,CA,Monterey,19150,0.0152,2.006
01073,AL,Jefferson,19036,0.3808,2.39
06099,CA,Stanislaus,18764,0.031,2.029
29189,MO,St. Louis,18742,0.582,2.61
34003,NJ,Bergen,18446,0.1999,2.224
11001,DC,District of Columbia,18417,0.1075,2.143
12097,FL,Osceola,18256,0.0723,2.084
47157,TN,Shelby,17923,0.2956,2.291
06061,CA,Placer,17809,0.1394,2.142
06075,CA,San Francisco,17572,0.2668,2.261
06107,CA,Tulare,17284,0.0844,2.157
26125,MI,Oakland,17090,0.4998,2.516
34013,NJ,Essex,16888,0.1653,2.183
51041,VA,Chesterfield,16660,0.0925,2.087
21111,KY,Jefferson,16649,0.5621,2.583
51153,VA,Prince William,16639,0.2163,2.24
48141,TX,El Paso,16463,0.0991,2.047
34023,NJ,Middlesex,15505,0.1912,2.229
42029,PA,Chester,15257,0.0615,2.078
53053,WA,Pierce,15093,0.3441,2.37
12033,FL,Escambia,14793,0.079,2.079
39061,OH,Hamilton,14753,0.386,2.417
39035,OH,Cuyahoga,14614,0.3647,2.357
06087,CA,Santa Cruz,14220,0.0194,2.019
06083,CA,Santa Barbara,14100,0.0171,2.022
55079,WI,Milwaukee,13901,0.3744,2.397
36001,NY,Albany,13858,0.3729,2.396
12083,FL,Marion,13809,0.0889,2.1
06041,CA,Marin,13793,0.0483,2.035
45015,SC,Berkeley,13683,0.1138,2.103
09190,CT,Western Connecticut,13543,0.2546,2.279
27037,MN,Dakota,13450,0.2064,2.208
44007,RI,Providence,13432,0.4772,2.474
22055,LA,Lafayette,13409,0.0389,2.008
13245,GA,Richmond,13407,0.0491,2.02
25025,MA,Suffolk,13214,0.2284,2.209
24021,MD,Frederick,13097,0.2291,2.315
51107,VA,Loudoun,13021,0.0849,2.146
12009,FL,Brevard,12893,0.1574,2.158
36029,NY,Erie,12767,0.3386,2.364
09170,CT,South Central Connecticut,12736,0.2649,2.301
06047,CA,Merced,12716,0.0242,2.02
08001,CO,Adams,12670,0.4346,2.47
53061,WA,Snohomish,12363,0.3678,2.398
13067,GA,Cobb,12361,0.5178,2.556
51710,VA,Norfolk,12335,0.352,2.38
34039,NJ,Union,12143,0.1744,2.203
34007,NJ,Camden,12010,0.2216,2.257
24003,MD,Anne Arundel,11989,0.247,2.325
10003,DE,New Castle,11843,0.1332,2.191
49049,UT,Utah,11680,0.2348,2.242
20091,KS,Johnson,11533,0.2856,2.304
34017,NJ,Hudson,11523,0.1605,2.191
41039,OR,Lane,11487,0.0739,2.104
01125,AL,Tuscaloosa,11416,0.1189,2.127
45091,SC,York,11409,0.1408,2.134
45041,SC,Florence,11359,0.081,2.076
01101,AL,Montgomery,11324,0.1918,2.196
45019,SC,Charleston,11287,0.3817,2.39
06017,CA,El Dorado,11279,0.0152,2.015
32031,NV,Washoe,11111,0.2594,2.273
06079,CA,San Luis Obispo,10933,0.0138,2.014
01089,AL,Madison,10901,0.1346,2.134
22017,LA,Caddo,10860,0.1036,2.103
12117,FL,Seminole,10627,0.2327,2.253
41005,OR,Clackamas,10268,0.1268,2.162
24510,MD,Baltimore,10192,0.3212,2.355
36087,NY,Rockland,10186,0.3345,2.351
08041,CO,El Paso,10018,0.2709,2.308
45075,SC,Orangeburg,9795,0.1455,2.146
36027,NY,Dutchess,9631,0.1224,2.132
41029,OR,Jackson,9502,0.0587,2.068
49011,UT,Davis,9412,0.2098,2.213
45003,SC,Aiken,9376,0.1036,2.101
06113,CA,Yolo,9354,0.2208,2.215
41047,OR,Marion,9273,0.1051,2.134
01097,AL,Mobile,9228,0.3246,2.334
41067,OR,Washington,8952,0.1165,2.14
27163,MN,Washington,8934,0.1951,2.197
42045,PA,Delaware,8839,0.2449,2.275
36067,NY,Onondaga,8815,0.2779,2.338
19153,IA,Polk,8744,0.3511,2.372
25021,MA,Norfolk,8701,0.3736,2.356
29077,MO,Greene,8653,0.0393,2.042
45035,SC,Dorchester,8554,0.0795,2.073
12127,FL,Volusia,8524,0.2535,2.277
06039,CA,Madera,8478,0.0136,2.01
41019,OR,Douglas,8421,0.0615,2.073
13135,GA,Gwinnett,8414,0.4758,2.519
49057,UT,Weber,8366,0.1243,2.135
08059,CO,Jefferson,8324,0.2659,2.33
06057,CA,Nevada,8069,0.0766,2.083
06055,CA,Napa,8061,0.0316,2.022
41059,OR,Umatilla,8042,0.0742,2.115
27003,MN,Anoka,7932,0.2177,2.22
41017,OR,Deschutes,7839,0.0346,2.059
34005,NJ,Burlington,7731,0.2127,2.268
51810,VA,Virginia Beach,7577,0.2626,2.267
08005,CO,Arapahoe,7509,0.2865,2.297
26099,MI,Macomb,7386,0.4565,2.495
36091,NY,Saratoga,7333,0.2037,2.231
12073,FL,Leon,7306,0.0582,2.043
12105,FL,Polk,7288,0.1962,2.196
37021,NC,Buncombe,7284,0.2667,2.315
51550,VA,Chesapeake,7233,0.2972,2.329
35001,NM,Bernalillo,7213,0.3232,2.32
25009,MA,Essex,7161,0.4059,2.404
17089,IL,Kane,7002,0.1831,2.199
06045,CA,Mendocino,6985,0.01,2.013
51179,VA,Stafford,6978,0.2251,2.263
06007,CA,Butte,6935,0.0154,2.021
51013,VA,Arlington,6887,0.3086,2.334
45077,SC,Pickens,6860,0.0048,1.978
09120,CT,Greater Bridgeport,6826,0.247,2.271
24025,MD,Harford,6817,0.2375,2.318
41035,OR,Klamath,6814,0.0181,2.028
06089,CA,Shasta,6800,0.0609,2.068
36071,NY,Orange,6712,0.2437,2.286
05119,AR,Pulaski,6645,0.0695,2.104
42043,PA,Dauphin,6617,0.3236,2.399
06023,CA,Humboldt,6598,0.007,2.007
41043,OR,Linn,6550,0.0705,2.092
45021,SC,Cherokee,6529,0.2207,2.234
20209,KS,Wyandotte,6526,0.3288,2.353
47093,TN,Knox,6471,0.4016,2.429
45073,SC,Oconee,6470,0.0433,2.022
18089,IN,Lake,6312,0.423,2.468
48121,TX,Denton,6302,0.4711,2.496
45059,SC,Laurens,6252,0.1251,2.127
37081,NC,Guilford,6236,0.2577,2.297
12053,FL,Hernando,6202,0.0406,2.024
34021,NJ,Mercer,6184,0.2346,2.275
42129,PA,Westmoreland,6163,0.2403,2.392
34025,NJ,Monmouth,6139,0.1251,2.186
48491,TX,Williamson,6128,0.1591,2.159
24027,MD,Howard,6121,0.3029,2.389
34031,NJ,Passaic,6086,0.154,2.185
29510,MO,St. Louis,6069,0.5966,2.648
09140,CT,Naugatuck Valley,6064,0.2371,2.311
13063,GA,Clayton,6058,0.5211,2.584
39153,OH,Summit,6030,0.4167,2.439
48085,TX,Collin,6012,0.0976,2.104
34027,NJ,Morris,6005,0.2973,2.336
16001,ID,Ada,5999,0.0123,2.018
36065,NY,Oneida,5966,0.0867,2.114
42017,PA,Bucks,5902,0.2738,2.342
17197,IL,Will,5892,0.6494,2.69
36085,NY,Richmond,5845,0.2496,2.27
08035,CO,Douglas,5789,0.474,2.51
29047,MO,Clay,5769,0.2659,2.295
12069,FL,Lake,5764,0.0331,2.051
12113,FL,Santa Rosa,5690,0.0863,2.092
21117,KY,Kenton,5637,0.3216,2.324
36079,NY,Putnam,5559,0.2446,2.268
12001,FL,Alachua,5487,0.214,2.238
42027,PA,Centre,5476,0.147,2.217
42041,PA,Cumberland,5449,0.2663,2.333
42011,PA,Berks,5400,0.215,2.312
42077,PA,Lehigh,5399,0.2036,2.259
45085,SC,Sumter,5320,0.0477,2.046
51015,VA,Augusta,5208,0.3239,2.464
37067,NC,Forsyth,5162,0.2623,2.331
45029,SC,Colleton,5159,0.188,2.189
31153,NE,Sarpy,5103,0.0892,2.097
04025,AZ,Yavapai,5078,0.2432,2.315
42033,PA,Clearfield,5070,0.1389,2.192
12109,FL,St. Johns,5056,0.2191,2.236
21067,KY,Fayette,5046,0.0868,2.088
45013,SC,Beaufort,5017,0.0056,1.995
45055,SC,Kershaw,4935,0.1204,2.12
27171,MN,Wright,4918,0.1171,2.12
12091,FL,Okaloosa,4916,0.0726,2.09
24043,MD,Washington,4830,0.2832,2.394
06115,CA,Yuba,4770,0.0126,2.017
51003,VA,Albemarle,4763,0.2677,2.403
06031,CA,Kings,4751,0.0297,2.029
53063,WA,Spokane,4725,0.178,2.186
12021,FL,Collier,4643,0.2246,2.252
45057,SC,Lancaster,4593,0.0063,1.99
06033,CA,Lake,4577,0.0094,2.011
51700,VA,Newport News,4458,0.2678,2.3
55025,WI,Dane,4453,0.2028,2.273
37063,NC,Durham,4450,0.2771,2.304
06109,CA,Tuolumne,4399,0.0152,2.018
41033,OR,Josephine,4391,0.0608,2.072
34015,NJ,Gloucester,4361,0.1539,2.211
51085,VA,Hanover,4324,0.2435,2.264
45031,SC,Darlington,4284,0.0392,2.028
29183,MO,St. Charles,4283,0.3958,2.422
25027,MA,Worcester,4272,0.3457,2.345
51650,VA,Hampton,4250,0.3155,2.356
41061,OR,Union,4245,0.0954,2.155
28049,MS,Hinds,4212,0.3799,2.408
45047,SC,Greenwood,4211,0.01,2.004
27137,MN,St. Louis,4133,0.0348,2.036
48423,TX,Smith,4113,0.0134,2.013
13151,GA,Henry,4039,0.5536,2.607
06093,CA,Siskiyou,4035,0.0268,2.035
39041,OH,Delaware,3978,0.0958,2.117
34029,NJ,Ocean,3975,0.1366,2.207
45071,SC,Newberry,3962,0.2251,2.229
45053,SC,Jasper,3960,0.1765,2.184
26161,MI,Washtenaw,3957,0.2962,2.404
51061,VA,Fauquier,3957,0.2424,2.397
51177,VA,Spotsylvania,3946,0.2017,2.282
54039,WV,Kanawha,3941,0.084,2.129
36083,NY,Rensselaer,3929,0.2222,2.291
27145,MN,Stearns,3890,0.0656,2.065
37101,NC,Johnston,3885,0.2288,2.327
41045,OR,Malheur,3872,0.0498,2.081
04021,AZ,Pinal,3857,0.2453,2.31
42081,PA,Lycoming,3837,0.0878,2.147
30031,MT,Gallatin,3818,0.012,2.021
47179,TN,Washington,3818,0.0864,2.085
41071,OR,Yamhill,3801,0.0787,2.131
06103,CA,Tehama,3791,0.053,2.058
13051,GA,Chatham,3759,0.2434,2.279
53011,WA,Clark,3746,0.2846,2.309
06069,CA,San Benito,3722,0.0212,2.02
42021,PA,Cambria,3704,0.0472,2.085
25023,MA,Plymouth,3698,0.0852,2.018
09130,CT,Lower Connecticut River Valley,3690,0.2542,2.351
12019,FL,Clay,3682,0.0489,2.059
41001,OR,Baker,3667,0.1113,2.186
06009,CA,Calaveras,3656,0.0129,2.015
51510,VA,Alexandria,3636,0.3842,2.397
42013,PA,Blair,3607,0.0868,2.123
27139,MN,Scott,3606,0.0591,2.063
41065,OR,Wasco,3598,0.0536,2.078
12005,FL,Bay,3566,0.0269,2.033
40027,OK,Cleveland,3565,0.1136,2.107
01021,AL,Chilton,3536,0.2291,2.236
04005,AZ,Coconino,3493,0.2508,2.324
41007,OR,Clatsop,3482,0.0336,2.051
01117,AL,Shelby,3482,0.2177,2.223
49043,UT,Summit,3386,0.1335,2.148
12111,FL,St. Lucie,3370,0.2662,2.294
45043,SC,Georgetown,3368,0.0059,1.994
41041,OR,Lincoln,3310,0.0353,2.056
12119,FL,Sumter,3304,0.224,2.257
42111,PA,Somerset,3268,0.1172,2.169
51069,VA,Frederick,3238,0.2702,2.37
09180,CT,Southeastern Connecticut,3236,0.364,2.523
49045,UT,Tooele,3231,0.1136,2.131
12023,FL,Columbia,3231,0.2603,2.286
42095,PA,Northampton,3182,0.1788,2.252
34035,NJ,Somerset,3175,0.3386,2.396
06101,CA,Sutter,3166,0.0234,2.032
01083,AL,Limestone,3106,0.2952,2.301
36021,NY,Columbia,3103,0.1473,2.213
51127,VA,New Kent,3071,0.2778,2.361
36111,NY,Ulster,3070,0.286,2.343
51171,VA,Shenandoah,3032,0.3338,2.438
45033,SC,Dillon,3022,0.1701,2.168
40017,OK,Canadian,3008,0.0831,2.077
01003,AL,Baldwin,2998,0.2935,2.326
55133,WI,Waukesha,2976,0.4136,2.494
08123,CO,Weld,2967,0.4917,2.65
33011,NH,Hillsborough,2945,0.1637,2.169
49003,UT,Box Elder,2935,0.1673,2.175
01009,AL,Blount,2930,0.0628,2.056
51800,VA,Suffolk,2902,0.1706,2.262
48339,TX,Montgomery,2892,0.4526,2.475
27109,MN,Olmsted,2887,0.0232,2.026
39095,OH,Lucas,2882,0.3886,2.461
06005,CA,Amador,2868,0.0139,2.018
41011,OR,Coos,2863,0.0192,2.031
27025,MN,Chisago,2862,0.1677,2.172
51165,VA,Rockingham,2854,0.2999,2.485
22051,LA,Jefferson,2802,0.5061,2.53
12085,FL,Martin,2790,0.1803,2.223
34041,NJ,Warren,2790,0.1928,2.241
42001,PA,Adams,2752,0.0865,2.145
45027,SC,Clarendon,2743,0.2122,2.227
37097,NC,Iredell,2740,0.2942,2.378
48485,TX,Wichita,2715,0.0041,2.006
17179,IL,Tazewell,2712,0.1416,2.131
32003,NV,Clark,2697,0.1531,2.218
42075,PA,Lebanon,2693,0.2388,2.353
08069,CO,Larimer,2677,0.4475,2.535
04015,AZ,Mohave,2672,0.1886,2.265
27131,MN,Rice,2665,0.0698,2.072
45023,SC,Chester,2649,0.1087,2.099
12131,FL,Walton,2641,0.1102,2.133
44003,RI,Kent,2639,0.4854,2.477
27141,MN,Sherburne,2637,0.0163,2.006
34001,NJ,Atlantic,2632,0.1288,2.203
41053,OR,Polk,2621,0.0527,2.092
45017,SC,Calhoun,2597,0.2426,2.253
53067,WA,Thurston,2544,0.3829,2.43
25005,MA,Bristol,2539,0.3781,2.375
33015,NH,Rockingham,2538,0.2321,2.245
26139,MI,Ottawa,2534,0.1279,2.126
51033,VA,Caroline,2526,0.2352,2.344
13021,GA,Bibb,2502,0.4936,2.584
24015,MD,Cecil,2485,0.3404,2.496
37089,NC,Henderson,2454,0.1968,2.253
51023,VA,Botetourt,2451,0.2652,2.364
24035,MD,Queen Anne's,2423,0.1634,2.28
51163,VA,Rockbridge,2416,0.298,2.408
47149,TN,Rutherford,2405,0.3397,2.394
42097,PA,Northumberland,2402,0.1187,2.2
36093,NY,Schenectady,2392,0.3131,2.372
29165,MO,Platte,2377,0.257,2.287
49053,UT,Washington,2350,0.1817,2.214
41057,OR,Tillamook,2339,0.0398,2.067
48157,TX,Fort Bend,2327,0.2518,2.302
51199,VA,York,2323,0.3685,2.447
30063,MT,Missoula,2315,0.0095,2.013
49021,UT,Iron,2302,0.1351,2.147
51161,VA,Roanoke,2302,0.2485,2.294
12015,FL,Charlotte,2299,0.2514,2.306
30111,MT,Yellowstone,2290,0.0144,2.022
49051,UT,Wasatch,2285,0.0481,2.07
37051,NC,Cumberland,2281,0.2578,2.352
08101,CO,Pueblo,2249,0.4055,2.534
42125,PA,Washington,2242,0.3403,2.538
30029,MT,Flathead,2234,0.009,2.015
12039,FL,Gadsden,2217,0.1935,2.215
53073,WA,Whatcom,2216,0.366,2.439
36113,NY,Warren,2207,0.232,2.267
42009,PA,Bedford,2198,0.2125,2.273
06035,CA,Lassen,2193,0.0155,2.026
45039,SC,Fairfield,2192,0.1574,2.156
26065,MI,Ingham,2186,0.3916,2.599
27013,MN,Blue Earth,2182,0.0174,2.015
41031,OR,Jefferson,2151,0.0316,2.056
27115,MN,Pine,2150,0.0553,2.056
51053,VA,Dinwiddie,2149,0.2834,2.429
37087,NC,Haywood,2115,0.235,2.304
12063,FL,Jackson,2102,0.1565,2.186
18011,IN,Boone,2078,0.4682,2.592
27049,MN,Goodhue,2076,0.0226,2.029
12055,FL,Highlands,2048,0.0586,2.1
19155,IA,Pottawattamie,2041,0.3988,2.459
24017,MD,Charles,2037,0.1497,2.274
12017,FL,Citrus,2018,0.0178,2.021
26077,MI,Kalamazoo,1998,0.3213,2.407
19103,IA,Johnson,1998,0.3333,2.379
41009,OR,Columbia,1989,0.0422,2.064
27047,MN,Freeborn,1989,0.1252,2.127
37071,NC,Gaston,1988,0.329,2.362
51121,VA,Montgomery,1984,0.2495,2.292
51197,VA,Wythe,1980,0.2985,2.365
01069,AL,Houston,1977,0.0126,2.001
13097,GA,Douglas,1959,0.4977,2.574
42089,PA,Monroe,1958,0.3172,2.456
42037,PA,Columbia,1955,0.109,2.163
13077,GA,Coweta,1937,0.4533,2.632
12089,FL,Nassau,1933,0.1355,2.149
33013,NH,Merrimack,1927,0.3622,2.389
26093,MI,Livingston,1923,0.2657,2.347
06015,CA,Del Norte,1920,0.0125,2.022
27169,MN,Winona,1876,0.0517,2.055
18063,IN,Hendricks,1864,0.2237,2.265
42079,PA,Luzerne,1859,0.2921,2.39
45025,SC,Chesterfield,1853,0.007,1.998
26075,MI,Jackson,1845,0.4255,2.612
22121,LA,West Baton Rouge,1840,0.2707,2.297
37135,NC,Orange,1823,0.2863,2.365
01043,AL,Cullman,1819,0.2106,2.218
47187,TN,Williamson,1811,0.3412,2.389
27019,MN,Carver,1811,0.0414,2.05
26115,MI,Monroe,1789,0.3952,2.576
08037,CO,Eagle,1786,0.3152,2.505
01103,AL,Morgan,1784,0.1536,2.158
13057,GA,Cherokee,1783,0.4896,2.603
42055,PA,Franklin,1779,0.3328,2.465
45061,SC,Lee,1778,0.2193,2.224
51740,VA,Portsmouth,1775,0.2631,2.345
17163,IL,St. Clair,1767,0.6491,2.71
29099,MO,Jefferson,1767,0.3514,2.386
08019,CO,Clear Creek,1753,0.4039,2.556
45069,SC,Marlboro,1741,0.0086,1.995
26021,MI,Berrien,1731,0.4235,2.557
42035,PA,Clinton,1711,0.166,2.237
06011,CA,Colusa,1703,0.0681,2.077
45089,SC,Williamsburg,1684,0.0048,1.982
51630,VA,Fredericksburg,1671,0.1801,2.227
37155,NC,Robeson,1666,0.3031,2.417
36013,NY,Chautauqua,1659,0.2948,2.351
36069,NY,Ontario,1653,0.3424,2.353
48397,TX,Rockwall,1649,0.5488,2.577
22019,LA,Calcasieu,1638,0.6398,2.678
06051,CA,Mono,1637,0.0287,2.046
42109,PA,Snyder,1636,0.0746,2.136
18057,IN,Hamilton,1630,0.392,2.452
36037,NY,Genesee,1627,0.3055,2.325
49041,UT,Sevier,1621,0.1394,2.147
18019,IN,Clark,1621,0.3603,2.43
06063,CA,Plumas,1618,0.0167,2.029
45067,SC,Marion,1614,0.0081,2.0
27147,MN,Steele,1613,0.0905,2.095
42083,PA,McKean,1613,0.0546,2.101
06105,CA,Trinity,1607,0.0112,2.017
37025,NC,Cabarrus,1594,0.4009,2.473
41027,OR,Hood River,1585,0.0877,2.126
19113,IA,Linn,1585,0.3476,2.406
27041,MN,Douglas,1578,0.0418,2.046
42065,PA,Jefferson,1574,0.1163,2.191
06043,CA,Mariposa,1568,0.0102,2.008
08045,CO,Garfield,1568,0.308,2.445
42087,PA,Mifflin,1566,0.0664,2.124
39165,OH,Warren,1555,0.3074,2.401
42061,PA,Huntingdon,1546,0.0608,2.102
06021,CA,Glenn,1541,0.0746,2.08
27017,MN,Carlton,1535,0.0573,2.059
51035,VA,Carroll,1532,0.2663,2.326
36039,NY,Greene,1525,0.3482,2.448
01051,AL,Elmore,1522,0.1202,2.126
34019,NJ,Hunterdon,1520,0.3776,2.464
51191,VA,Washington,1510,0.2748,2.357
42069,PA,Lackawanna,1509,0.275,2.368
37085,NC,Harnett,1507,0.2634,2.403
12121,FL,Suwannee,1502,0.2796,2.308
53035,WA,Kitsap,1498,0.1489,2.216
53057,WA,Skagit,1498,0.3665,2.473
42119,PA,Union,1494,0.1392,2.223
18177,IN,Wayne,1490,0.1537,2.217
51075,VA,Goochland,1472,0.1977,2.249
42117,PA,Tioga,1468,0.0647,2.123
51117,VA,Mecklenburg,1467,0.2652,2.414
49027,UT,Millard,1465,0.1734,2.186
20173,KS,Sedgwick,1465,0.1092,2.143
05035,AR,Crittenden,1463,0.175,2.254
54003,WV,Berkeley,1455,0.0797,2.122
30067,MT,Park,1449,0.009,2.017
51730,VA,Petersburg,1448,0.3315,2.378
41037,OR,Lake,1446,0.0166,2.025
39017,OH,Butler,1446,0.1867,2.189
13157,GA,Jackson,1440,0.3792,2.485
32007,NV,Elko,1429,0.2351,2.253
06027,CA,Inyo,1419,0.0113,2.012
27103,MN,Nicollet,1413,0.0156,2.023
13015,GA,Bartow,1407,0.4634,2.564
17119,IL,Madison,1403,0.6222,2.718
28035,MS,Forrest,1401,0.1456,2.166
08117,CO,Summit,1395,0.329,2.555
37001,NC,Alamance,1395,0.3312,2.41
12107,FL,Putnam,1391,0.0374,2.066
41015,OR,Curry,1383,0.013,2.023
42031,PA,Clarion,1378,0.1691,2.282
45087,SC,Union,1367,0.0007,1.984
16027,ID,Canyon,1359,0.0684,2.113
27111,MN,Otter Tail,1359,0.0213,2.02
30049,MT,Lewis and Clark,1355,0.0103,2.017
49023,UT,Juab,1353,0.1715,2.189
30043,MT,Jefferson,1347,0.0111,2.015
12087,FL,Monroe,1346,0.1842,2.331
37159,NC,Rowan,1341,0.3259,2.428
51095,VA,James City,1340,0.1978,2.259
42049,PA,Erie,1339,0.2928,2.487
24013,MD,Carroll,1332,0.3544,2.606
41023,OR,Grant,1325,0.0211,2.038
27035,MN,Crow Wing,1322,0.0151,2.012
01001,AL,Autauga,1320,0.1902,2.223
42107,PA,Schuylkill,1317,0.2711,2.408
01109,AL,Pike,1314,0.0266,2.027
28121,MS,Rankin,1314,0.2443,2.298
12003,FL,Baker,1308,0.2599,2.278
18003,IN,Allen,1295,0.3073,2.494
48209,TX,Hays,1287,0.5214,2.566
36007,NY,Broome,1287,0.272,2.349
51770,VA,Roanoke,1285,0.165,2.177
51019,VA,Bedford,1278,0.2903,2.558
13207,GA,Monroe,1274,0.5008,2.593
42047,PA,Elk,1272,0.0786,2.145
51025,VA,Brunswick,1261,0.2657,2.396
04007,AZ,Gila,1252,0.1558,2.253
55009,WI,Brown,1252,0.266,2.32
48257,TX,Kaufman,1249,0.2898,2.339
37057,NC,Davidson,1247,0.3352,2.506
30061,MT,Mineral,1240,0.0153,2.021
41055,OR,Sherman,1237,0.0606,2.082
04001,AZ,Apache,1234,0.205,2.286
32005,NV,Douglas,1230,0.0618,2.092
45081,SC,Saluda,1219,0.0049,1.988
28033,MS,DeSoto,1206,0.2471,2.308
54011,WV,Cabell,1206,0.0862,2.139
13153,GA,Houston,1204,0.4219,2.655
19163,IA,Scott,1201,0.378,2.445
27009,MN,Benton,1197,0.0175,2.021
25001,MA,Barnstable,1197,0.0376,2.003
01081,AL,Lee,1195,0.3833,2.402
32510,NV,Carson City,1192,0.1644,2.179
24041,MD,Talbot,1190,0.1975,2.357
08013,CO,Boulder,1188,0.2593,2.417
51109,VA,Louisa,1184,0.3074,2.492
27021,MN,Cass,1180,0.0119,2.008
04017,AZ,Navajo,1176,0.233,2.338
45001,SC,Abbeville,1171,0.0145,2.019
12035,FL,Flagler,1164,0.2869,2.338
39089,OH,Licking,1160,0.2526,2.333
47011,TN,Bradley,1155,0.3212,2.368
24047,MD,Worcester,1152,0.171,2.314
27097,MN,Morrison,1151,0.0122,2.01
41025,OR,Harney,1146,0.0384,2.065
22103,LA,St. Tammany,1145,0.5197,2.576
51099,VA,King George,1143,0.2178,2.414
48167,TX,Galveston,1142,0.6235,2.75
39025,OH,Clermont,1141,0.2305,2.272
13285,GA,Troup,1136,0.4577,2.623
13139,GA,Hall,1135,0.4176,2.571
21015,KY,Boone,1135,0.4793,2.534
37035,NC,Catawba,1134,0.2249,2.374
41049,OR,Morrow,1132,0.0565,2.083
36057,NY,Montgomery,1131,0.298,2.332
51067,VA,Franklin,1128,0.2456,2.473
26025,MI,Calhoun,1127,0.425,2.592
27061,MN,Itasca,1127,0.0124,2.015
12079,FL,Madison,1126,0.2682,2.288
39093,OH,Lorain,1125,0.3831,2.435
05143,AR,Washington,1121,0.1115,2.194
41021,OR,Gilliam,1116,0.0636,2.079
12061,FL,Indian River,1110,0.2694,2.299
39173,OH,Wood,1100,0.4864,2.598
53015,WA,Cowlitz,1097,0.3582,2.403
51073,VA,Gloucester,1089,0.1579,2.284
53041,WA,Lewis,1077,0.3315,2.392
04012,AZ,La Paz,1075,0.3228,2.393
28059,MS,Jackson,1075,0.2949,2.324
26005,MI,Allegan,1071,0.2923,2.462
42067,PA,Juniata,1069,0.0617,2.118
01127,AL,Walker,1067,0.1396,2.154
45049,SC,Hampton,1057,0.0965,2.083
42073,PA,Lawrence,1054,0.1774,2.322
27105,MN,Nobles,1053,0.0636,2.063
51149,VA,Prince George,1050,0.2514,2.318
39057,OH,Greene,1047,0.298,2.37
18043,IN,Floyd,1045,0.4526,2.503
41003,OR,Benton,1044,0.1322,2.23
32019,NV,Lyon,1044,0.0967,2.145
10001,DE,Kent,1044,0.2921,2.549
51145,VA,Powhatan,1043,0.1946,2.362
27067,MN,Kandiyohi,1038,0.0135,2.004
05007,AR,Benton,1033,0.1636,2.29
41013,OR,Crook,1028,0.0506,2.089
23005,ME,Cumberland,1028,0.143,2.173
51089,VA,Henry,1020,0.251,2.475
36115,NY,Washington,1018,0.1375,2.25
05125,AR,Saline,1012,0.1344,2.244
01115,AL,St. Clair,1011,0.3096,2.336
36063,NY,Niagara,1011,0.2967,2.475
45037,SC,Edgefield,1008,0.0129,2.011
48139,TX,Ellis,1006,0.5467,2.633
09150,CT,Northeastern Connecticut,1005,0.4547,2.806
48039,TX,Brazoria,1004,0.2878,2.438
18005,IN,Bartholomew,1003,0.2034,2.301
42057,PA,Fulton,997,0.1936,2.263
42019,PA,Butler,995,0.3337,2.475
42099,PA,Perry,993,0.2044,2.397
26045,MI,Eaton,985,0.5675,2.968
51031,VA,Campbell,983,0.1821,2.339
51660,VA,Harrisonburg,982,0.2719,2.365
21037,KY,Campbell,979,0.526,2.574
47115,TN,Marion,978,0.2474,2.303
18059,IN,Hancock,978,0.3211,2.456
47141,TN,Putnam,973,0.2775,2.323
28047,MS,Harrison,969,0.3075,2.354
26145,MI,Saginaw,968,0.5021,2.769
51187,VA,Warren,967,0.2503,2.338
37129,NC,New Hanover,963,0.2077,2.306
13255,GA,Spalding,962,0.3087,2.546
19049,IA,Dallas,962,0.3254,2.397
27063,MN,Jackson,954,0.0608,2.061
25013,MA,Hampden,953,0.4428,2.469
34009,NJ,Cape May,952,0.1345,2.238
27085,MN,McLeod,951,0.0231,2.025
12133,FL,Washington,949,0.1191,2.136
47147,TN,Robertson,947,0.3369,2.431
12047,FL,Hamilton,945,0.3545,2.383
49029,UT,Morgan,943,0.2322,2.243
55087,WI,Outagamie,940,0.4404,2.59
26147,MI,St. Clair,939,0.2971,2.358
27095,MN,Mille Lacs,936,0.015,2.013
51143,VA,Pittsylvania,930,0.2473,2.474
28073,MS,Lamar,918,0.1253,2.138
08014,CO,Broomfield,914,0.2823,2.294
10005,DE,Sussex,911,0.3732,2.718
13035,GA,Butts,910,0.4758,2.676
12129,FL,Wakulla,908,0.011,2.015
18095,IN,Madison,905,0.389,2.495
12065,FL,Jefferson,904,0.0996,2.114
51093,VA,Isle of Wight,901,0.2153,2.395
27153,MN,Todd,899,0.0089,2.006
39151,OH,Stark,898,0.4087,2.514
24011,MD,Caroline,895,0.2603,2.489
13045,GA,Carroll,894,0.5369,2.749
51183,VA,Sussex,890,0.3112,2.449
08093,CO,Park,889,0.3678,2.598
18127,IN,Porter,889,0.3678,2.522
09160,CT,Northwest Hills,882,0.4399,2.848
42007,PA,Beaver,876,0.3984,2.588
37127,NC,Nash,864,0.265,2.395
34011,NJ,Cumberland,861,0.2613,2.487
12049,FL,Hardee,858,0.0513,2.09
49015,UT,Emery,856,0.1437,2.176
22015,LA,Bossier,855,0.5743,2.615
54079,WV,Putnam,852,0.108,2.18
42103,PA,Pike,852,0.1585,2.234
19169,IA,Story,849,0.3192,2.369
51155,VA,Pulaski,848,0.2571,2.305
05123,AR,St. Francis,847,0.1499,2.259
55101,WI,Racine,847,0.4864,2.619
26159,MI,Van Buren,844,0.423,2.6
13215,GA,Muscogee,843,0.4069,2.529
37111,NC,McDowell,841,0.2675,2.385
56037,WY,Sweetwater,838,0.1337,2.236
12075,FL,Levy,838,0.0239,2.032
37151,NC,Randolph,833,0.3241,2.529
13073,GA,Columbia,830,0.3578,2.396
51173,VA,Smyth,821,0.296,2.374
38017,ND,Cass,820,0.0134,2.02
17201,IL,Winnebago,820,0.4183,2.45
49019,UT,Grand,819,0.1429,2.166
30081,MT,Ravalli,817,0.0037,2.005
36011,NY,Cayuga,812,0.3633,2.507
05085,AR,Lonoke,810,0.137,2.247
37023,NC,Burke,810,0.3074,2.444
55105,WI,Rock,804,0.5858,2.816
27099,MN,Mower,803,0.071,2.075
39023,OH,Clark,801,0.4382,2.543
37141,NC,Pender,801,0.2409,2.395
34033,NJ,Salem,799,0.2303,2.359
18073,IN,Jasper,787,0.3024,2.428
18081,IN,Johnson,787,0.3825,2.431
39055,OH,Geauga,782,0.11,2.155
28089,MS,Madison,779,0.3235,2.385
39045,OH,Fairfield,779,0.3055,2.465
30095,MT,Stillwater,778,0.0154,2.027
30047,MT,Lake,778,0.0116,2.023
13247,GA,Rockdale,777,0.5109,2.66
27005,MN,Becker,775,0.0065,2.0
01087,AL,Macon,771,0.5888,2.632
47189,TN,Wilson,767,0.3598,2.482
36043,NY,Herkimer,767,0.2907,2.352
49037,UT,San Juan,766,0.0326,2.047
24001,MD,Allegany,763,0.3512,2.554
27083,MN,Lyon,759,0.0079,2.004
01085,AL,Lowndes,754,0.4032,2.428
37179,NC,Union,752,0.1569,2.27
45011,SC,Barnwell,752,0.0066,1.988
42115,PA,Susquehanna,752,0.3059,2.496
04027,AZ,Yuma,749,0.3071,2.35
27091,MN,Martin,748,0.0441,2.052
27093,MN,Meeker,745,0.0107,2.005
22063,LA,Livingston,743,0.3997,2.47
17111,IL,McHenry,742,0.3154,2.449
12059,FL,Holmes,740,0.1662,2.178
53045,WA,Mason,739,0.2273,2.344
30039,MT,Granite,739,0.0054,2.009
37019,NC,Brunswick,733,0.1869,2.31
51570,VA,Colonial Heights,733,0.3261,2.345
39085,OH,Lake,733,0.2988,2.362
39133,OH,Portage,730,0.3562,2.479
19099,IA,Jasper,729,0.3128,2.377
49001,UT,Beaver,728,0.1538,2.169
42025,PA,Carbon,724,0.4862,2.584
37083,NC,Halifax,721,0.3135,2.469
13217,GA,Newton,719,0.4896,2.673
44009,RI,Washington,718,0.1894,2.184
55139,WI,Winnebago,714,0.3782,2.485
51047,VA,Culpeper,714,0.1765,2.345
36099,NY,Seneca,711,0.2785,2.367
47165,TN,Sumner,704,0.2912,2.472
47013,TN,Campbell,702,0.359,2.427
30013,MT,Cascade,700,0.0143,2.023
29037,MO,Cass,696,0.3017,2.328
55059,WI,Kenosha,694,0.4409,2.507
49007,UT,Carbon,693,0.0837,2.147
47035,TN,Cumberland,688,0.2573,2.328
27007,MN,Beltrami,686,0.0073,2.006
27079,MN,Le Sueur,686,0.0073,2.007
13297,GA,Walton,684,0.4079,2.754
47145,TN,Roane,681,0.3656,2.423
56007,WY,Carbon,679,0.1723,2.278
39103,OH,Medina,677,0.3471,2.44
27043,MN,Faribault,676,0.0636,2.067
36053,NY,Madison,674,0.2849,2.32
47107,TN,McMinn,672,0.2455,2.318
27001,MN,Aitkin,672,0.0268,2.028
51139,VA,Page,671,0.4173,2.821
42085,PA,Mercer,669,0.3767,2.64
06049,CA,Modoc,667,0.018,2.028
27057,MN,Hubbard,666,0.003,2.0
33001,NH,Belknap,666,0.1772,2.168
22109,LA,Terrebonne,663,0.0799,2.101
08077,CO,Mesa,661,0.3525,2.53
24037,MD,St. Mary's,659,0.2215,2.423
32001,NV,Churchill,657,0.105,2.148
48091,TX,Comal,657,0.5753,2.624
29019,MO,Boone,656,0.2622,2.302
49039,UT,Sanpete,655,0.0229,2.031
39099,OH,Mahoning,655,0.4031,2.51
47105,TN,Loudon,654,0.3609,2.417
42093,PA,Montour,652,0.1227,2.186
22105,LA,Tangipahoa,651,0.5883,2.653
30003,MT,Big Horn,644,0.0233,2.034
53027,WA,Grays Harbor,643,0.112,2.165
41063,OR,Wallowa,642,0.0296,2.05
54061,WV,Monongalia,640,0.1031,2.161
51137,VA,Orange,638,0.2837,2.552
51043,VA,Clarke,636,0.1698,2.325
39097,OH,Madison,635,0.515,2.721
13225,GA,Peach,634,0.4858,2.603
51005,VA,Alleghany,634,0.295,2.465
05045,AR,Faulkner,632,0.1266,2.245
51001,VA,Accomack,629,0.221,2.423
33009,NH,Grafton,629,0.434,2.461
30093,MT,Silver Bow,624,0.0096,2.014
05131,AR,Sebastian,622,0.1029,2.175
08043,CO,Fremont,620,0.3677,2.619
22089,LA,St. Charles,620,0.5113,2.611
24045,MD,Wicomico,619,0.2116,2.393
22099,LA,St. Martin,618,0.6165,2.707
13047,GA,Catoosa,616,0.4075,2.453
37171,NC,Surry,616,0.2808,2.386
55131,WI,Washington,614,0.4528,2.585
42051,PA,Fayette,609,0.2972,2.583
24019,MD,Dorchester,608,0.2829,2.53
12027,FL,DeSoto,607,0.056,2.091
54081,WV,Raleigh,606,0.0693,2.116
27143,MN,Sibley,599,0.0334,2.045
37059,NC,Davie,597,0.3568,2.524
26017,MI,Bay,595,0.4773,2.78
01013,AL,Butler,593,0.5261,2.568
51021,VA,Bland,591,0.3029,2.406
18091,IN,LaPorte,590,0.4186,2.698
27129,MN,Renville,589,0.0085,2.012
37077,NC,Granville,588,0.2687,2.398
55021,WI,Columbia,587,0.431,2.618
45009,SC,Bamberg,587,0.0068,1.997
18145,IN,Shelby,582,0.2612,2.373
49013,UT,Duchesne,580,0.0138,2.014
39155,OH,Trumbull,580,0.3086,2.421
48367,TX,Parker,579,0.3523,2.399
47031,TN,Coffee,579,0.2712,2.344
53031,WA,Jefferson,576,0.25,2.382
49047,UT,Uintah,575,0.0243,2.037
37147,NC,Pitt,573,0.2234,2.391
13185,GA,Lowndes,572,0.4353,2.624
18065,IN,Henry,569,0.4095,2.592
12051,FL,Hendry,567,0.0829,2.146
27059,MN,Isanti,563,0.016,2.016
23031,ME,York,562,0.1459,2.178
17167,IL,Sangamon,561,0.8877,2.979
54107,WV,Wood,559,0.0769,2.127
51079,VA,Greene,557,0.2154,2.391
33005,NH,Cheshire,555,0.0378,2.043
01113,AL,Russell,554,0.0523,2.083
17099,IL,LaSalle,554,0.6986,2.749
29071,MO,Franklin,548,0.5,2.609
36075,NY,Oswego,544,0.4559,2.879
51081,VA,Greensville,543,0.361,2.457
54069,WV,Ohio,543,0.1013,2.153
34037,NJ,Sussex,542,0.3376,2.616
22095,LA,St. John the Baptist,540,0.6222,2.719
47163,TN,Sullivan,538,0.342,2.472
51007,VA,Amelia,536,0.25,2.466
37149,NC,Polk,532,0.2575,2.336
30077,MT,Powell,529,0.017,2.028
42015,PA,Bradford,529,0.2004,2.397
13029,GA,Bryan,528,0.3731,2.47
22005,LA,Ascension,527,0.5275,2.636
53037,WA,Kittitas,523,0.5354,2.719
13117,GA,Forsyth,519,0.131,2.189
27045,MN,Fillmore,519,0.0116,2.008
13113,GA,Fayette,517,0.3443,2.617
13129,GA,Gordon,515,0.4136,2.559
48309,TX,McLennan,512,0.5566,2.605
18035,IN,Delaware,511,0.4207,2.681
51057,VA,Essex,509,0.2397,2.454
27051,MN,Grant,508,0.0374,2.043
13127,GA,Glynn,508,0.3898,2.528
13313,GA,Whitfield,504,0.4405,2.538
17019,IL,Champaign,501,0.8902,2.932
37125,NC,Moore,500,0.116,2.212
18163,IN,Vanderburgh,498,0.2892,2.518
18133,IN,Putnam,497,0.3763,2.553
51135,VA,Nottoway,497,0.1871,2.346
08071,CO,Las Animas,496,0.4819,2.661
26121,MI,Muskegon,495,0.1798,2.287
47089,TN,Jefferson,493,0.357,2.434
04003,AZ,Cochise,488,0.418,2.531
16055,ID,Kootenai,487,0.154,2.236
41069,OR,Wheeler,486,0.035,2.058
42121,PA,Venango,486,0.356,2.64
13211,GA,Morgan,485,0.5299,2.73
05059,AR,Hot Spring,484,0.1219,2.223
51125,VA,Nelson,484,0.1942,2.36
19193,IA,Woodbury,483,0.3913,2.524
27039,MN,Dodge,483,0.0166,2.019
05069,AR,Jefferson,478,0.2364,2.456
33017,NH,Strafford,478,0.0607,2.103
05033,AR,Crawford,475,0.1411,2.253
27157,MN,Wabasha,474,0.0274,2.044
48187,TX,Guadalupe,473,0.5032,2.564
55109,WI,St. Croix,472,0.3665,2.424
27033,MN,Cottonwood,471,0.017,2.015
37069,NC,Franklin,471,0.2166,2.41
37037,NC,Chatham,471,0.172,2.323
39043,OH,Erie,469,0.4797,2.563
37191,NC,Wayne,469,0.2878,2.525
47125,TN,Montgomery,468,0.3782,2.553
49017,UT,Garfield,467,0.0407,2.075
05031,AR,Craighead,467,0.1606,2.313
39159,OH,Union,465,0.2301,2.398
01121,AL,Talladega,464,0.3685,2.433
37109,NC,Lincoln,462,0.2338,2.444
27127,MN,Redwood,461,0.0152,2.026
42063,PA,Indiana,461,0.3427,2.677
13013,GA,Barrow,460,0.4043,2.617
37045,NC,Cleveland,460,0.2478,2.415
22047,LA,Iberville,458,0.5633,2.672
19181,IA,Warren,456,0.2281,2.292
37163,NC,Sampson,454,0.3084,2.557
54055,WV,Mercer,450,0.1156,2.176
42105,PA,Potter,450,0.0911,2.176
56021,WY,Laramie,449,0.2071,2.359
48215,TX,Hidalgo,449,0.2183,2.238
01063,AL,Greene,446,0.3475,2.404
12123,FL,Taylor,446,0.0135,2.02
45065,SC,McCormick,446,0.0045,2.0
51009,VA,Amherst,445,0.2539,2.481
06091,CA,Sierra,442,0.0271,2.038
37197,NC,Yadkin,439,0.3531,2.51
48473,TX,Waller,438,0.5068,2.664
13119,GA,Franklin,438,0.4429,2.534
27023,MN,Chippewa,435,0.0046,1.993
19031,IA,Cedar,434,0.2903,2.369
39109,OH,Miami,433,0.4457,2.513
35031,NM,McKinley,432,0.2847,2.354
19029,IA,Cass,432,0.3218,2.438
18157,IN,Tippecanoe,431,0.29,2.432
19001,IA,Adair,430,0.3209,2.391
17063,IL,Grundy,428,0.7407,2.766
51775,VA,Salem,427,0.3653,2.412
48251,TX,Johnson,425,0.3624,2.405
51083,VA,Halifax,417,0.2902,2.549
47021,TN,Cheatham,415,0.3036,2.366
18071,IN,Jackson,415,0.4602,2.68
37157,NC,Rockingham,414,0.2657,2.486
08055,CO,Huerfano,410,0.4707,2.649
37099,NC,Jackson,410,0.1707,2.315
01029,AL,Cleburne,408,0.2966,2.363
51133,VA,Northumberland,407,0.3268,2.627
37195,NC,Wilson,403,0.2581,2.412
36105,NY,Sullivan,402,0.1517,2.291
01015,AL,Calhoun,399,0.3083,2.351
13179,GA,Liberty,398,0.4121,2.628
29107,MO,Lafayette,395,0.2861,2.342
01031,AL,Coffee,394,0.0533,2.081
51175,VA,Southampton,392,0.2934,2.546
37061,NC,Duplin,392,0.2781,2.477
35006,NM,Cibola,391,0.2967,2.414
37181,NC,Vance,391,0.3606,2.568
06003,CA,Alpine,390,0.0436,2.074
48027,TX,Bell,390,0.6513,2.713
56001,WY,Albany,390,0.2385,2.382
54035,WV,Jackson,389,0.0951,2.144
12041,FL,Gilchrist,387,0.0129,2.018
13011,GA,Banks,386,0.4378,2.56
53009,WA,Clallam,384,0.151,2.229
13133,GA,Greene,384,0.5208,2.724
55035,WI,Eau Claire,384,0.3229,2.406
17113,IL,McLean,382,0.8743,2.942
27015,MN,Brown,382,0.0079,2.008
56041,WY,Uinta,381,0.1391,2.252
16039,ID,Elmore,379,0.0897,2.158
18167,IN,Vigo,379,0.3799,2.549
01045,AL,Dale,378,0.037,2.063
19079,IA,Hamilton,377,0.2653,2.347
27165,MN,Watonwan,376,0.0213,2.032
19157,IA,Poweshiek,376,0.2899,2.362
18029,IN,Dearborn,376,0.234,2.364
08087,CO,Morgan,375,0.4613,2.747
26037,MI,Clinton,372,0.4113,2.616
17143,IL,Peoria,368,0.6902,2.742
05029,AR,Conway,367,0.1689,2.313
47155,TN,Sevier,367,0.2452,2.36
55117,WI,Sheboygan,367,0.3542,2.55
47029,TN,Cocke,364,0.3516,2.475
12007,FL,Bradford,363,0.0275,2.055
05051,AR,Garland,362,0.1823,2.345
28149,MS,Warren,362,0.3425,2.442
24023,MD,Garrett,362,0.3895,2.649
30087,MT,Rosebud,360,0.0194,2.025
47059,TN,Greene,360,0.3389,2.503
47001,TN,Anderson,360,0.2944,2.414
13083,GA,Dade,357,0.493,2.577
05093,AR,Mississippi,354,0.1723,2.328
05019,AR,Clark,353,0.1303,2.232
18067,IN,Howard,353,0.034,2.04
27055,MN,Houston,353,0.0113,2.014
51683,VA,Manassas,353,0.0198,2.006
13031,GA,Bulloch,351,0.3818,2.553
30097,MT,Sweet Grass,350,0.0114,2.017
27065,MN,Kanabec,350,0.0114,2.017
21029,KY,Bullitt,349,0.3152,2.395
55089,WI,Ozaukee,349,0.4499,2.619
18107,IN,Montgomery,349,0.4413,2.817
51600,VA,Fairfax,349,0.0688,2.1
53029,WA,Island,347,0.2882,2.455
30057,MT,Madison,347,0.0173,2.026
13175,GA,Laurens,346,0.448,2.572
16053,ID,Jerome,345,0.1043,2.18
18109,IN,Morgan,345,0.2841,2.484
32011,NV,Eureka,344,0.2006,2.212
05117,AR,Prairie,344,0.1337,2.253
55073,WI,Marathon,341,0.2727,2.367
51036,VA,Charles City,340,0.3029,2.576
51520,VA,Bristol,340,0.3235,2.356
22079,LA,Rapides,339,0.2389,2.289
55039,WI,Fond du Lac,338,0.3166,2.432
39129,OH,Pickaway,338,0.3462,2.645
55055,WI,Jefferson,336,0.4494,2.568
13039,GA,Camden,336,0.4673,2.586
45005,SC,Allendale,336,0.0,1.973
32013,NV,Humboldt,333,0.1772,2.198
39143,OH,Sandusky,333,0.4294,2.586
19013,IA,Black Hawk,332,0.3313,2.443
13143,GA,Haralson,329,0.4559,2.666
13199,GA,Meriwether,329,0.386,2.723
38059,ND,Morton,328,0.0061,2.012
37161,NC,Rutherford,328,0.1951,2.387
24029,MD,Kent,327,0.2905,2.572
01033,AL,Colbert,326,0.0399,2.046
13289,GA,Twiggs,325,0.4862,2.652
51111,VA,Lunenburg,325,0.2677,2.505
26155,MI,Shiawassee,324,0.3056,2.451
19095,IA,Iowa,324,0.3488,2.395
39135,OH,Preble,323,0.3065,2.514
18147,IN,Spencer,322,0.4068,2.798
31109,NE,Lancaster,319,0.1442,2.188
39149,OH,Shelby,319,0.3574,2.464
37133,NC,Onslow,319,0.2288,2.433
37105,NC,Lee,318,0.2044,2.393
27161,MN,Waseca,317,0.0221,2.028
37047,NC,Columbus,317,0.2839,2.533
18141,IN,St. Joseph,316,0.3924,2.671
17091,IL,Kankakee,313,0.6741,2.725
51131,VA,Northampton,313,0.2204,2.412
39119,OH,Muskingum,313,0.5144,2.674
01053,AL,Escambia,312,0.2596,2.337
18039,IN,Elkhart,312,0.4455,2.837
51119,VA,Middlesex,312,0.2436,2.462
08015,CO,Chaffee,311,0.4437,2.704
35013,NM,Doña Ana,311,0.4084,2.505
13277,GA,Tift,311,0.582,2.701
47043,TN,Dickson,311,0.373,2.514
13095,GA,Dougherty,310,0.2968,2.535
37193,NC,Wilkes,310,0.2581,2.506
42059,PA,Greene,310,0.3903,2.69
37049,NC,Craven,308,0.2662,2.49
54049,WV,Marion,307,0.0782,2.137
53039,WA,Klickitat,305,0.1082,2.177
30009,MT,Carbon,303,0.0066,2.007
12029,FL,Dixie,303,0.0165,2.02
39139,OH,Richland,302,0.3245,2.454
39013,OH,Belmont,302,0.4404,2.636
17007,IL,Boone,301,0.4153,2.425
55033,WI,Dunn,301,0.3355,2.415
27101,MN,Murray,300,0.0067,2.007
05145,AR,White,300,0.18,2.357
27173,MN,Yellow Medicine,297,0.0135,2.013
30089,MT,Sanders,296,0.0034,2.003
08089,CO,Otero,296,0.3885,2.642
05115,AR,Pope,296,0.1858,2.334
55127,WI,Walworth,296,0.6284,3.132
55111,WI,Sauk,296,0.3716,2.534
30053,MT,Lincoln,293,0.0137,2.02
01119,AL,Sumter,293,0.3686,2.416
51820,VA,Waynesboro,292,0.363,2.418
39003,OH,Allen,291,0.5326,2.725
13145,GA,Harris,290,0.4414,2.628
51540,VA,Charlottesville,290,0.0621,2.09
54033,WV,Harrison,290,0.2,2.29
55097,WI,Portage,288,0.3715,2.483
51147,VA,Prince Edward,287,0.2892,2.571
37131,NC,Northampton,285,0.3193,2.495
51141,VA,Patrick,285,0.3895,2.758
36023,NY,Cortland,284,0.3099,2.482
12013,FL,Calhoun,283,0.0212,2.032
18143,IN,Scott,283,0.3922,2.675
13191,GA,McIntosh,282,0.3652,2.461
12125,FL,Union,282,0.0248,2.046
23019,ME,Penobscot,282,0.2482,2.316
13093,GA,Dooly,279,0.5305,2.609
28071,MS,Lafayette,278,0.0396,2.058
51065,VA,Fluvanna,278,0.3129,2.622
51193,VA,Westmoreland,278,0.3453,2.647
47113,TN,Madison,277,0.4296,2.578
29219,MO,Warren,277,0.2996,2.404
51101,VA,King William,275,0.2836,2.513
42113,PA,Sullivan,274,0.135,2.263
39027,OH,Clinton,273,0.348,2.56
32033,NV,White Pine,271,0.0369,2.033
29195,MO,Saline,271,0.2399,2.258
05091,AR,Miller,270,0.1889,2.352
54037,WV,Jefferson,270,0.0259,2.052
27159,MN,Wadena,268,0.0037,2.0
37027,NC,Caldwell,267,0.221,2.434
47061,TN,Grundy,266,0.2556,2.327
23011,ME,Kennebec,266,0.1579,2.177
13137,GA,Habersham,265,0.3019,2.562
36045,NY,Jefferson,265,0.4906,2.932
22001,LA,Acadia,264,0.3788,2.424
47009,TN,Blount,264,0.1439,2.235
51159,VA,Richmond,264,0.3333,2.64
30007,MT,Broadwater,263,0.0,2.0
42039,PA,Crawford,263,0.327,2.612
16005,ID,Bannock,260,0.1038,2.158
17037,IL,DeKalb,260,0.4923,2.546
50025,VT,Windham,260,0.1577,2.173
35019,NM,Guadalupe,258,0.2481,2.314
01077,AL,Lauderdale,258,0.0271,2.004
54007,WV,Braxton,258,0.1202,2.198
39063,OH,Hancock,257,0.5331,2.704
37185,NC,Warren,257,0.463,2.693
39169,OH,Wayne,257,0.3619,2.654
47081,TN,Hickman,256,0.375,2.523
29139,MO,Montgomery,256,0.1914,2.27
36025,NY,Delaware,256,0.2188,2.359
42005,PA,Armstrong,256,0.3789,2.73
13115,GA,Floyd,254,0.3504,2.654
55081,WI,Monroe,253,0.4664,2.7
17049,IL,Effingham,253,0.8379,2.921
51029,VA,Buckingham,253,0.3953,2.759
53049,WA,Pacific,252,0.0833,2.131
42127,PA,Wayne,252,0.2024,2.333
25015,MA,Hampshire,251,0.2351,2.243
37017,NC,Bladen,250,0.304,2.584
18021,IN,Clay,249,0.3253,2.43
26111,MI,Midland,248,0.4677,2.915
54077,WV,Preston,247,0.0567,2.089
16019,ID,Bonneville,246,0.1626,2.28
37065,NC,Edgecombe,246,0.2317,2.439
48183,TX,Gregg,245,0.1184,2.131
13123,GA,Gilmer,244,0.459,2.877
27121,MN,Pope,242,0.0124,2.008
36107,NY,Tioga,242,0.2438,2.455
05071,AR,Johnson,241,0.1079,2.203
01049,AL,DeKalb,240,0.2792,2.367
08119,CO,Teller,239,0.364,2.636
01041,AL,Crenshaw,239,0.0209,2.017
28045,MS,Hancock,239,0.3222,2.368
26067,MI,Ionia,239,0.5188,2.77
17081,IL,Jefferson,239,0.8201,2.925
36051,NY,Livingston,239,0.2762,2.485
08073,CO,Lincoln,238,0.4664,2.803
30023,MT,Deer Lodge,238,0.0084,2.017
36095,NY,Schoharie,238,0.4412,2.618
13189,GA,McDuffie,237,0.5148,2.688
47159,TN,Smith,236,0.2288,2.292
26149,MI,St. Joseph,236,0.7585,3.466
26027,MI,Cass,236,0.6271,3.203
01093,AL,Marion,235,0.2213,2.26
32029,NV,Storey,234,0.0598,2.068
30001,MT,Beaverhead,233,0.0172,2.017
20177,KS,Shawnee,232,0.5345,2.724
17075,IL,Iroquois,231,0.8009,2.844
18181,IN,White,231,0.2597,2.416
18105,IN,Monroe,231,0.368,2.61
54019,WV,Fayette,231,0.0996,2.152
13301,GA,Warren,230,0.4261,2.526
51103,VA,Lancaster,230,0.3478,2.678
37169,NC,Stokes,230,0.2565,2.496
08075,CO,Logan,229,0.4017,2.677
30027,MT,Fergus,229,0.0,2.0
08049,CO,Grand,229,0.4105,2.69
06025,CA,Imperial,227,0.0793,2.097
27027,MN,Clay,227,0.1013,2.132
27071,MN,Koochiching,227,0.0,1.996
51011,VA,Appomattox,227,0.2423,2.449
24009,MD,Calvert,227,0.2907,2.546
38003,ND,Barnes,226,0.0088,2.009
29021,MO,Buchanan,226,0.2478,2.319
51037,VA,Charlotte,226,0.3142,2.615
48055,TX,Caldwell,225,0.04,2.044
30021,MT,Dawson,225,0.0044,2.004
49005,UT,Cache,224,0.0536,2.08
37113,NC,Macon,224,0.1339,2.241
37115,NC,Madison,224,0.25,2.397
28075,MS,Lauderdale,223,0.3901,2.493
13075,GA,Cook,222,0.4505,2.509
51680,VA,Lynchburg,222,0.0811,2.135
01047,AL,Dallas,221,0.1041,2.172
37175,NC,Transylvania,219,0.242,2.475
47047,TN,Fayette,218,0.4083,2.468
08051,CO,Gunnison,217,0.4055,2.696
39051,OH,Fulton,217,0.5991,2.834
24039,MD,Somerset,216,0.25,2.449
39171,OH,Williams,215,0.6326,2.921
37107,NC,Lenoir,215,0.2558,2.479
36009,NY,Cattaraugus,214,0.3925,2.748
17055,IL,Franklin,213,0.8873,2.981
25003,MA,Berkshire,213,0.4648,2.582
47119,TN,Maury,212,0.3868,2.627
01055,AL,Etowah,211,0.4028,2.54
48245,TX,Jefferson,211,0.436,2.55
55057,WI,Juneau,211,0.4408,2.583
51185,VA,Tazewell,211,0.2512,2.479
51167,VA,Russell,209,0.2632,2.512
37123,NC,Montgomery,209,0.2871,2.488
01035,AL,Conecuh,208,0.3702,2.438
32015,NV,Lander,207,0.2222,2.266
22073,LA,Ouachita,207,0.57,2.618
47085,TN,Humphreys,205,0.3122,2.434
21093,KY,Hardin,205,0.2634,2.351
36101,NY,Steuben,205,0.322,2.537
32027,NV,Pershing,204,0.2451,2.299
01017,AL,Chambers,204,0.3873,2.422
27135,MN,Roseau,203,0.0,2.0
13149,GA,Heard,203,0.4138,2.823
49025,UT,Kane,202,0.3168,2.624
48021,TX,Bastrop,202,0.198,2.312
39059,OH,Guernsey,202,0.4307,2.545
16011,ID,Bingham,201,0.0746,2.149
12093,FL,Okeechobee,201,0.1841,2.279
37153,NC,Richmond,201,0.2488,2.443
13059,GA,Clarke,200,0.31,2.555
16031,ID,Cassia,197,0.1574,2.284
13233,GA,Polk,197,0.4112,2.782
55027,WI,Dodge,197,0.5178,2.904
32021,NV,Mineral,196,0.102,2.173
05057,AR,Hempstead,196,0.1429,2.25
18053,IN,Grant,196,0.3367,2.52
55063,WI,La Crosse,196,0.352,2.49
39157,OH,Tuscarawas,196,0.4388,2.612
21185,KY,Oldham,195,0.5795,2.733
29097,MO,Jasper,195,0.2769,2.349
55135,WI,Waupaca,195,0.4359,2.8
13103,GA,Effingham,195,0.4051,2.621
54087,WV,Roane,195,0.0923,2.159
38035,ND,Grand Forks,194,0.0206,2.036
35049,NM,Santa Fe,194,0.4072,2.624
26091,MI,Lenawee,194,0.4897,2.959
54025,WV,Greenbrier,194,0.1289,2.196
39007,OH,Ashtabula,194,0.433,2.686
53059,WA,Skamania,193,0.3005,2.523
17141,IL,Ogle,193,0.6684,2.762
29105,MO,Laclede,193,0.3679,2.415
37165,NC,Scotland,193,0.2073,2.394
18023,IN,Clinton,192,0.3333,2.557
40037,OK,Creek,191,0.2565,2.309
30017,MT,Custer,191,0.0576,2.073
22053,LA,Jefferson Davis,191,0.5759,2.623
36109,NY,Tompkins,191,0.5026,3.005
29053,MO,Cooper,190,0.3,2.363
01095,AL,Marshall,189,0.0423,2.069
47055,TN,Giles,189,0.3122,2.402
13283,GA,Treutlen,189,0.545,2.741
12043,FL,Glades,189,0.1693,2.312
37003,NC,Alexander,189,0.2963,2.577
17161,IL,Rock Island,188,0.6649,2.777
55017,WI,Chippewa,188,0.25,2.452
51195,VA,Wise,187,0.1925,2.369
37013,NC,Beaufort,187,0.2299,2.428
49055,UT,Wayne,185,0.0811,2.119
18051,IN,Gibson,185,0.4162,2.735
08099,CO,Prowers,184,0.3967,2.696
47051,TN,Franklin,184,0.0326,2.06
51169,VA,Scott,184,0.2174,2.408
16079,ID,Shoshone,183,0.0984,2.158
26087,MI,Lapeer,183,0.4645,2.781
25011,MA,Franklin,183,0.2295,2.279
40131,OK,Rogers,182,0.2308,2.346
04009,AZ,Graham,181,0.1713,2.315
38015,ND,Burleigh,181,0.0,2.0
13223,GA,Paulding,181,0.3204,2.575
16075,ID,Payette,180,0.2,2.367
05111,AR,Poinsett,180,0.1889,2.35
27151,MN,Swift,179,0.0168,2.028
40125,OK,Pottawatomie,179,0.3352,2.419
39047,OH,Fayette,179,0.324,2.425
51113,VA,Madison,179,0.2402,2.458
08063,CO,Kit Carson,178,0.3427,2.567
29161,MO,Phelps,178,0.5112,2.584
39141,OH,Ross,177,0.2994,2.503
29027,MO,Callaway,177,0.226,2.271
05095,AR,Monroe,176,0.142,2.216
51595,VA,Emporia,176,0.392,2.443
39005,OH,Ashland,176,0.3807,2.591
36019,NY,Clinton,176,0.4318,2.83
12077,FL,Liberty,175,0.0171,2.023
13009,GA,Baldwin,175,0.3657,2.651
39117,OH,Morrow,175,0.4229,2.583
55053,WI,Jackson,175,0.5143,2.686
17093,IL,Kendall,174,0.5747,2.799
19129,IA,Mills,173,0.4566,2.601
13231,GA,Pike,173,0.3468,2.653
28067,MS,Jones,173,0.3931,2.48
17107,IL,Logan,173,0.8902,2.942
37093,NC,Hoke,173,0.2081,2.399
36031,NY,Essex,172,0.4593,2.779
50007,VT,Chittenden,170,0.4706,2.582
40087,OK,McClain,168,0.5238,2.673
53077,WA,Yakima,167,0.4611,2.725
56031,WY,Platte,167,0.2036,2.359
13287,GA,Turner,167,0.4311,2.533
19011,IA,Benton,167,0.2754,2.425
30035,MT,Glacier,166,0.0181,2.024
39011,OH,Auglaize,165,0.4485,2.624
33003,NH,Carroll,165,0.097,2.115
37039,NC,Cherokee,164,0.1341,2.25
19179,IA,Wapello,164,0.2256,2.409
54041,WV,Lewis,164,0.1951,2.348
19045,IA,Clinton,163,0.2577,2.448
17103,IL,Lee,161,0.5901,2.646
40145,OK,Wagoner,160,0.0375,1.975
38053,ND,McKenzie,160,0.0063,2.013
08097,CO,Pitkin,160,0.2813,2.525
01071,AL,Jackson,160,0.1313,2.213
51181,VA,Surry,160,0.375,2.75
47075,TN,Haywood,158,0.3418,2.424
39123,OH,Ottawa,158,0.5506,2.785
37167,NC,Stanly,158,0.2468,2.456
13321,GA,Worth,157,0.3439,2.643
19061,IA,Dubuque,157,0.1911,2.344
27119,MN,Polk,156,0.0,2.0
05047,AR,Franklin,156,0.2436,2.462
17183,IL,Vermilion,156,0.8462,2.859
18087,IN,LaGrange,156,0.3397,2.628
51071,VA,Giles,156,0.2564,2.481
33019,NH,Sullivan,156,0.2885,2.301
31159,NE,Seward,155,0.2,2.284
08107,CO,Routt,154,0.3052,2.532
47063,TN,Hamblen,154,0.3312,2.422
19033,IA,Cerro Gordo,154,0.4416,2.636
17073,IL,Henry,154,0.8312,2.922
08047,CO,Gilpin,151,0.4238,2.762
38093,ND,Stutsman,151,0.0199,2.02
35029,NM,Luna,151,0.4172,2.536
18111,IN,Newton,151,0.3775,2.728
37015,NC,Bertie,151,0.2119,2.411
30103,MT,Treasure,150,0.0133,2.027
32017,NV,Lincoln,149,0.0872,2.161
37007,NC,Anson,149,0.2953,2.57
36077,NY,Otsego,149,0.5168,2.846
08079,CO,Mineral,148,0.2905,2.507
17135,IL,Montgomery,148,0.8649,2.959
55115,WI,Shawano,148,0.4797,2.878
17199,IL,Williamson,147,0.7891,2.898
19015,IA,Boone,147,0.1565,2.286
28109,MS,Pearl River,146,0.3562,2.452
44005,RI,Newport,145,0.1034,2.103
47117,TN,Marshall,144,0.2778,2.375
51049,VA,Cumberland,144,0.3542,2.688
27029,MN,Clearwater,143,0.0,2.0
48329,TX,Midland,143,0.3916,2.643
38097,ND,Traill,142,0.0,2.0
39037,OH,Darke,142,0.0211,2.035
18151,IN,Steuben,142,0.4789,2.803
42123,PA,Warren,142,0.3521,2.69
51105,VA,Lee,141,0.2908,2.582
35043,NM,Sandoval,140,0.3929,2.557
35025,NM,Lea,140,0.2714,2.521
13227,GA,Pickens,140,0.4214,2.779
39101,OH,Marion,140,0.4714,2.871
48133,TX,Eastland,139,0.2734,2.41
19085,IA,Harrison,139,0.4604,2.525
08027,CO,Custer,139,0.3669,2.669
13219,GA,Oconee,139,0.223,2.417
08065,CO,Lake,138,0.3913,2.696
05103,AR,Ouachita,138,0.3696,2.732
30041,MT,Hill,137,0.0,2.0
19071,IA,Fremont,137,0.4818,2.555
13171,GA,Lamar,137,0.2628,2.38
51097,VA,King and Queen,137,0.2263,2.431
51063,VA,Floyd,137,0.3431,2.664
51027,VA,Buchanan,137,0.2555,2.489
28029,MS,Copiah,136,0.4044,2.522
01061,AL,Geneva,136,0.0221,2.044
31025,NE,Cass,135,0.3259,2.437
48231,TX,Hunt,134,0.4851,2.507
47019,TN,Carter,134,0.2388,2.373
37053,NC,Currituck,134,0.209,2.403
53065,WA,Stevens,133,0.2406,2.406
04011,AZ,Greenlee,133,0.1579,2.293
48135,TX,Ector,133,0.3609,2.556
46099,SD,Minnehaha,133,0.0677,2.105
01007,AL,Bibb,132,0.1061,2.197
50027,VT,Windsor,132,0.447,2.576
13177,GA,Lee,131,0.4198,2.786
27087,MN,Mahnomen,130,0.0,2.0
29145,MO,Newton,129,0.186,2.295
08083,CO,Montezuma,128,0.3516,2.664
01019,AL,Cherokee,128,0.0703,2.117
18137,IN,Ripley,128,0.5313,2.938
26015,MI,Barry,128,0.6094,3.195
18069,IN,Huntington,128,0.4219,2.734
37033,NC,Caswell,128,0.3203,2.625
23001,ME,Androscoggin,128,0.1563,2.188
28093,MS,Marshall,127,0.2441,2.346
13055,GA,Chattooga,127,0.4016,2.787
19019,IA,Buchanan,127,0.2992,2.488
17105,IL,Livingston,127,0.8425,2.874
37117,NC,Martin,127,0.2913,2.559
13085,GA,Dawson,126,0.3254,2.603
01005,AL,Barbour,126,0.0635,2.087
13147,GA,Hart,125,0.4,2.528
05075,AR,Lawrence,125,0.336,2.648
13081,GA,Crisp,125,0.448,2.584
51091,VA,Highland,125,0.424,2.848
39029,OH,Columbiana,125,0.512,2.952
53025,WA,Grant,124,0.4677,2.798
48037,TX,Bowie,124,0.5323,2.661
42023,PA,Cameron,124,0.0645,2.129
36121,NY,Wyoming,124,0.2661,2.524
08039,CO,Elbert,123,0.4472,2.691
28081,MS,Lee,123,0.2602,2.35
17011,IL,Bureau,123,0.7805,2.87
38043,ND,Kidder,122,0.0082,2.008
05063,AR,Independence,122,0.2705,2.533
37079,NC,Greene,122,0.2787,2.557
33007,NH,Coos,122,0.3033,2.525
35057,NM,Torrance,121,0.3802,2.455
08009,CO,Baca,121,0.4876,2.81
18113,IN,Noble,121,0.5702,3.14
20103,KS,Leavenworth,121,0.1405,2.19
48217,TX,Hill,120,0.6,2.642
38101,ND,Ward,120,0.0,2.0
13107,GA,Emanuel,120,0.4917,2.642
40113,OK,Osage,119,0.0084,2.0
27149,MN,Stevens,119,0.0168,2.0
08109,CO,Saguache,119,0.4118,2.748
08121,CO,Washington,119,0.4622,2.815
29109,MO,Lawrence,119,0.5294,2.647
17121,IL,Marion,119,0.7563,2.899
37043,NC,Clay,118,0.2034,2.407
29169,MO,Pulaski,118,0.339,2.441
37145,NC,Person,118,0.2881,2.568
16083,ID,Twin Falls,117,0.2821,2.53
37173,NC,Swain,117,0.1966,2.385
05025,AR,Cleveland,117,0.4786,2.949
51840,VA,Winchester,117,0.0769,2.085
13105,GA,Elbert,116,0.4052,2.802
13027,GA,Brooks,116,0.4224,2.802
28137,MS,Tate,115,0.3652,2.487
29225,MO,Webster,115,0.2522,2.252
36089,NY,St. Lawrence,115,0.5739,3.139
31111,NE,Lincoln,114,0.1842,2.289
47123,TN,Monroe,114,0.3246,2.474
17189,IL,Washington,114,0.7105,2.833
36015,NY,Chemung,114,0.307,2.588
48389,TX,Reeves,113,0.469,2.752
35037,NM,Quay,113,0.3451,2.407
18061,IN,Harrison,113,0.3805,2.575
08017,CO,Cheyenne,112,0.4821,2.848
18055,IN,Greene,112,0.4107,2.732
36049,NY,Lewis,112,0.5268,3.054
53001,WA,Adams,111,0.2973,2.423
38089,ND,Stark,111,0.027,2.045
18135,IN,Randolph,111,0.4505,2.901
18099,IN,Marshall,111,0.3514,2.676
53005,WA,Benton,110,0.2636,2.345
08023,CO,Costilla,110,0.3182,2.591
05149,AR,Yell,110,0.2455,2.473
17115,IL,Macon,110,0.7182,2.827
32023,NV,Nye,109,0.1376,2.248
48005,TX,Angelina,109,0.1835,2.229
17051,IL,Fayette,109,0.945,3.0
18173,IN,Warrick,109,0.3761,2.587
51115,VA,Mathews,109,0.2018,2.367
05003,AR,Ashley,107,0.3832,2.748
39091,OH,Logan,107,0.2991,2.57
21125,KY,Laurel,107,0.3364,2.561
51670,VA,Hopewell,107,0.4673,2.514
37189,NC,Watauga,107,0.1495,2.271
08029,CO,Delta,106,0.434,2.811
08067,CO,La Plata,105,0.3333,2.619
48071,TX,Chambers,105,0.619,2.838
05067,AR,Jackson,105,0.219,2.429
19127,IA,Marshall,105,0.3238,2.59
13043,GA,Candler,105,0.4,2.571
36003,NY,Allegany,105,0.3429,2.619
39167,OH,Washington,104,0.3462,2.606
13205,GA,Mitchell,103,0.2718,2.524
05015,AR,Carroll,103,0.3592,2.689
55093,WI,Pierce,103,0.5437,3.068
01107,AL,Pickens,102,0.0882,2.137
28113,MS,Pike,102,0.4706,2.608
13293,GA,Upson,102,0.3725,2.716
13265,GA,Taliaferro,102,0.451,2.578
31177,NE,Washington,101,0.1683,2.277
30045,MT,Judith Basin,101,0.0198,2.03
01067,AL,Henry,101,0.0495,2.059
12045,FL,Gulf,101,0.0297,2.059
37011,NC,Avery,101,0.2079,2.376
36033,NY,Franklin,101,0.6238,3.238
48441,TX,Taylor,100,0.45,2.6
35053,NM,Socorro,100,0.51,2.63
48203,TX,Harrison,100,0.48,2.62
01079,AL,Lawrence,100,0.06,2.11
05017,AR,Chicot,100,0.33,2.65
36073,NY,Orleans,100,0.13,2.25
08081,CO,Moffat,99,0.3838,2.707
39083,OH,Knox,99,0.4545,2.869
42131,PA,Wyoming,99,0.3838,2.768
53007,WA,Chelan,98,0.3776,2.663
08103,CO,Rio Blanco,98,0.5204,2.949
48355,TX,Nueces,98,0.2551,2.316
48479,TX,Webb,98,0.4286,2.602
28107,MS,Panola,98,0.4184,2.612
21151,KY,Madison,98,0.5204,2.694
18045,IN,Fountain,98,0.602,3.092
47171,TN,Unicoi,98,0.4184,2.51
56025,WY,Natrona,97,0.299,2.567
08061,CO,Kiowa,97,0.3608,2.649
01123,AL,Tallapoosa,97,0.1134,2.216
05087,AR,Madison,97,0.3711,2.732
39073,OH,Hocking,97,0.2887,2.546
17023,IL,Clark,97,0.8351,2.948
18139,IN,Rush,97,0.4536,2.876
48353,TX,Nolan,96,0.5729,2.708
38105,ND,Williams,96,0.0,1.99
05055,AR,Greene,96,0.3021,2.594
22093,LA,St. James,95,0.5579,2.8
55031,WI,Douglas,95,0.2,2.379
05053,AR,Grant,94,0.3298,2.628
13317,GA,Wilkes,94,0.2979,2.5
55071,WI,Manitowoc,94,0.617,2.957
19039,IA,Clarke,94,0.383,2.457
19069,IA,Franklin,94,0.2234,2.298
39009,OH,Athens,94,0.3298,2.617
31053,NE,Dodge,93,0.129,2.237
49031,UT,Piute,93,0.0108,2.011
31101,NE,Keith,93,0.1505,2.247
48371,TX,Pecos,93,0.5484,2.753
19053,IA,Decatur,93,0.5161,2.656
13033,GA,Burke,93,0.3011,2.57
48181,TX,Grayson,92,0.25,2.446
48303,TX,Lubbock,92,0.2935,2.511
05139,AR,Union,92,0.3478,2.685
05023,AR,Cleburne,92,0.4022,2.793
18027,IN,Daviess,92,0.413,2.696
18031,IN,Decatur,92,0.4239,2.685
17087,IL,Johnson,92,0.9239,2.978
17005,IL,Bond,92,0.7283,2.87
13257,GA,Stephens,91,0.3297,2.626
28085,MS,Lincoln,91,0.3077,2.495
18037,IN,Dubois,91,0.4505,2.857
39015,OH,Brown,91,0.5165,2.956
49009,UT,Daggett,90,0.0556,2.089
01039,AL,Covington,90,0.0556,2.111
13023,GA,Bleckley,90,0.3889,2.6
13069,GA,Coffee,90,0.3667,2.7
28123,MS,Scott,90,0.3556,2.567
18169,IN,Wabash,89,0.4045,2.809
48349,TX,Navarro,88,0.5568,2.648
48471,TX,Walker,88,0.4432,2.5
30073,MT,Pondera,87,0.023,2.023
19133,IA,Monona,87,0.3218,2.448
39079,OH,Jackson,87,0.2529,2.471
29043,MO,Christian,87,0.1609,2.207
37103,NC,Jones,87,0.2529,2.506
38077,ND,Richland,86,0.0,2.0
55121,WI,Trempealeau,86,0.5814,2.977
39077,OH,Huron,86,0.5698,3.116
17195,IL,Whiteside,86,0.8372,2.895
26057,MI,Gratiot,86,0.3256,2.64
13279,GA,Toombs,86,0.3605,2.698
19149,IA,Plymouth,85,0.3882,2.682
30015,MT,Chouteau,85,0.0235,2.024
16033,ID,Clark,85,0.1529,2.271
13299,GA,Ware,85,0.3176,2.576
19083,IA,Hardin,85,0.2118,2.376
21211,KY,Shelby,85,0.5059,2.612
37091,NC,Hertford,85,0.3294,2.635
19167,IA,Sioux,84,0.1667,2.262
13237,GA,Putnam,84,0.2857,2.536
26011,MI,Arenac,84,0.5,2.833
53075,WA,Whitman,83,0.2289,2.337
08011,CO,Bent,83,0.4458,2.723
16071,ID,Oneida,83,0.0723,2.096
01133,AL,Winston,83,0.0723,2.133
18085,IN,Kosciusko,83,0.5422,3.024
39071,OH,Highland,83,0.6145,3.145
35023,NM,Hidalgo,82,0.4878,2.561
13259,GA,Stewart,82,0.3293,2.561
19123,IA,Mahaska,82,0.4268,2.841
55019,WI,Clark,82,0.5488,3.073
19195,IA,Worth,82,0.3659,2.5
31019,NE,Buffalo,81,0.2222,2.259
26073,MI,Isabella,81,0.3457,2.63
19105,IA,Jones,81,0.2716,2.494
17203,IL,Woodford,81,0.7531,2.889
21073,KY,Franklin,81,0.4198,2.63
56009,WY,Converse,80,0.25,2.438
13295,GA,Walker,80,0.25,2.488
22097,LA,St. Landry,80,0.2625,2.363
13263,GA,Talbot,80,0.4125,2.788
39069,OH,Henry,80,0.425,2.763
18165,IN,Vermillion,80,0.4125,2.738
31185,NE,York,79,0.2532,2.456
47139,TN,Polk,79,0.2278,2.43
26035,MI,Clare,79,0.2911,2.494
01011,AL,Bullock,78,0.1282,2.256
55141,WI,Wood,78,0.7051,3.372
54099,WV,Wayne,78,0.0897,2.154
51017,VA,Bath,78,0.4487,2.872
16017,ID,Bonner,77,0.2078,2.377
48283,TX,La Salle,77,0.6104,2.922
47005,TN,Benton,77,0.3766,2.545
05121,AR,Randolph,77,0.2468,2.494
47077,TN,Henderson,77,0.3636,2.442
47007,TN,Bledsoe,77,0.2468,2.481
47143,TN,Rhea,77,0.1818,2.338
54089,WV,Summers,77,0.0649,2.091
23023,ME,Sagadahoc,77,0.1299,2.169
30101,MT,Toole,76,0.0263,2.026
48335,TX,Mitchell,76,0.7105,2.829
47041,TN,DeKalb,76,0.0526,2.105
21235,KY,Whitley,76,0.25,2.421
26117,MI,Montcalm,76,0.4342,2.724
26047,MI,Emmet,76,0.5921,3.171
36035,NY,Fulton,76,0.4342,2.868
48053,TX,Burnet,75,0.0667,2.133
40083,OK,Logan,75,0.36,2.467
05043,AR,Drew,75,0.4,2.76
05099,AR,Nevada,75,0.2133,2.413
26055,MI,Grand Traverse,75,0.44,2.813
36117,NY,Wayne,75,0.2667,2.507
16047,ID,Gooding,74,0.1081,2.176
08033,CO,Dolores,74,0.2568,2.514
48061,TX,Cameron,74,0.1486,2.216
05113,AR,Polk,74,0.3514,2.676
05127,AR,Scott,74,0.3514,2.703
19087,IA,Henry,74,0.0676,2.122
18101,IN,Martin,74,0.4324,2.811
51077,VA,Grayson,74,0.2568,2.473
39075,OH,Holmes,74,0.5405,3.068
23025,ME,Somerset,74,0.2162,2.243
08115,CO,Sedgwick,73,0.3288,2.534
08091,CO,Ouray,73,0.4384,2.781
16049,ID,Idaho,73,0.3014,2.562
30083,MT,Richland,73,0.0,2.0
13275,GA,Thomas,73,0.3836,2.726
26133,MI,Osceola,73,0.4658,2.863
51051,VA,Dickenson,73,0.3836,2.74
37009,NC,Ashe,73,0.3014,2.589
48229,TX,Hudspeth,72,0.5833,2.681
35051,NM,Sierra,72,0.4861,2.611
35015,NM,Eddy,72,0.5278,3.014
18025,IN,Crawford,72,0.4306,2.694
21041,KY,Carroll,72,0.4028,2.556
18083,IN,Knox,72,0.3333,2.653
27075,MN,Lake,72,0.0139,2.014
29055,MO,Crawford,72,0.4306,2.569
17127,IL,Massac,72,0.875,2.972
36017,NY,Chenango,72,0.5833,3.0
48089,TX,Colorado,71,0.4225,2.507
08021,CO,Conejos,71,0.2535,2.507
35047,NM,San Miguel,71,0.3944,2.507
30005,MT,Blaine,71,0.0,2.0
48227,TX,Howard,71,0.5211,2.676
05141,AR,Van Buren,71,0.3521,2.704
05001,AR,Arkansas,71,0.4225,2.817
22013,LA,Bienville,71,0.6901,2.718
21209,KY,Scott,71,0.4507,2.634
37073,NC,Gates,71,0.2958,2.592
39067,OH,Harrison,71,0.5634,3.085
31047,NE,Dawson,70,0.2714,2.429
48259,TX,Kendall,70,0.5714,2.829
13071,GA,Colquitt,70,0.4286,2.829
13269,GA,Taylor,70,0.2429,2.471
39175,OH,Wyandot,70,0.2429,2.371
39161,OH,Van Wert,70,0.5286,3.043
37139,NC,Pasquotank,70,0.1286,2.257
50023,VT,Washington,70,0.5571,2.7
30065,MT,Musselshell,69,0.0145,2.029
16043,ID,Fremont,69,0.1014,2.203
29155,MO,Pemiscot,69,0.5362,2.797
47103,TN,Lincoln,69,0.3478,2.696
18183,IN,Whitley,69,0.5217,2.986
18121,IN,Parke,69,0.5072,3.014
48109,TX,Culberson,68,0.4853,2.676
08003,CO,Alamosa,68,0.3382,2.662
48149,TX,Fayette,68,0.2206,2.294
05039,AR,Dallas,68,0.3824,2.706
47153,TN,Sequatchie,68,0.2647,2.515
48361,TX,Orange,68,0.7206,2.985
18093,IN,Lawrence,68,0.4118,2.809
21227,KY,Warren,68,0.2941,2.382
55069,WI,Lincoln,68,0.4118,2.735
17035,IL,Cumberland,68,0.8676,2.941
32009,NV,Esmeralda,67,0.1045,2.209
08105,CO,Rio Grande,67,0.4776,2.881
05129,AR,Searcy,67,0.2687,2.537
13169,GA,Jones,67,0.5075,2.94
19183,IA,Washington,67,0.1343,2.269
55137,WI,Waushara,67,0.6866,3.119
39131,OH,Pike,67,0.4776,2.881
19111,IA,Lee,67,0.2388,2.358
51157,VA,Rappahannock,67,0.4328,2.836
39127,OH,Perry,67,0.3134,2.567
30099,MT,Teton,66,0.0455,2.091
47185,TN,White,66,0.1515,2.288
13163,GA,Jefferson,66,0.5152,3.0
05027,AR,Columbia,66,0.4091,2.788
26097,MI,Mackinac,66,0.303,2.591
17041,IL,Douglas,66,0.9091,2.955
13267,GA,Tattnall,66,0.4545,2.848
48375,TX,Potter,65,0.5231,2.877
30085,MT,Roosevelt,65,0.0154,2.015
47099,TN,Lawrence,65,0.0923,2.185
17095,IL,Knox,65,0.9077,2.923
05021,AR,Clay,65,0.3538,2.662
55029,WI,Door,65,0.4,2.8
08113,CO,San Miguel,64,0.375,2.625
01065,AL,Hale,64,0.1875,2.328
19101,IA,Jefferson,64,0.25,2.469
29031,MO,Cape Girardeau,64,0.7656,3.141
48015,TX,Austin,63,0.4762,2.587
48317,TX,Martin,63,0.3968,2.651
20045,KS,Douglas,63,0.3968,2.635
16015,ID,Boise,63,0.127,2.222
22119,LA,Webster,63,0.4603,2.635
21203,KY,Rockcastle,63,0.381,2.556
21047,KY,Christian,63,0.1429,2.254
17029,IL,Coles,63,0.8571,2.873
17133,IL,Monroe,63,0.6349,2.778
08125,CO,Yuma,62,0.4516,2.774
38049,ND,McHenry,62,0.0,2.0
27073,MN,Lac qui Parle,62,0.0,1.984
31081,NE,Hamilton,62,0.3065,2.435
13087,GA,Decatur,62,0.4355,2.855
05011,AR,Bradley,62,0.5645,3.081
47133,TN,Overton,62,0.1129,2.194
05079,AR,Lincoln,62,0.371,2.726
39021,OH,Champaign,62,0.1774,2.355
55049,WI,Iowa,62,0.5484,3.016
18149,IN,Starke,62,0.3548,2.645
54045,WV,Logan,62,0.1935,2.323
48041,TX,Brazos,61,0.0,2.0
48363,TX,Palo Pinto,61,0.2951,2.443
13161,GA,Jeff Davis,61,0.2787,2.541
19171,IA,Tama,61,0.2623,2.475
18079,IN,Jennings,61,0.5738,3.016
08057,CO,Jackson,60,0.4833,2.817
48495,TX,Winkler,60,0.35,2.7
35039,NM,Rio Arriba,60,0.3,2.6
30105,MT,Valley,60,0.0,2.0
28163,MS,Yazoo,60,0.3333,2.483
13079,GA,Crawford,60,0.4333,2.8
28101,MS,Newton,60,0.4,2.5
19125,IA,Marion,60,0.2833,2.5
26143,MI,Roscommon,60,0.5167,2.667
18159,IN,Tipton,60,0.35,2.65
38025,ND,Dunn,59,0.0,2.0
16077,ID,Power,59,0.1356,2.22
13221,GA,Oglethorpe,59,0.339,2.661
12067,FL,Lafayette,59,0.0169,2.017
47003,TN,Bedford,59,0.3051,2.508
39145,OH,Scioto,59,0.6271,3.153
26031,MI,Cheboygan,59,0.4746,2.763
48077,TX,Clay,58,0.2069,2.362
28127,MS,Simpson,58,0.2414,2.448
13273,GA,Terrell,58,0.3276,2.586
37075,NC,Graham,58,0.2414,2.466
17117,IL,Macoupin,58,0.8621,2.931
18123,IN,Perry,58,0.4138,2.707
19021,IA,Buena Vista,58,0.3276,2.621
39087,OH,Lawrence,58,0.2241,2.397
21081,KY,Grant,58,0.5,2.586
51790,VA,Staunton,58,0.1552,2.31
37055,NC,Dare,58,0.2241,2.414
39081,OH,Jefferson,58,0.2241,2.397
50003,VT,Bennington,58,0.1034,2.155
16085,ID,Valley,57,0.1754,2.281
31105,NE,Kimball,57,0.3684,2.474
13261,GA,Sumter,57,0.3509,2.649
21103,KY,Henry,57,0.3333,2.421
20121,KS,Miami,57,0.2281,2.421
53043,WA,Lincoln,56,0.5714,2.732
13319,GA,Wilkinson,56,0.375,2.714
26137,MI,Otsego,56,0.4821,2.679
29157,MO,Perry,56,0.5357,2.946
37199,NC,Yancey,56,0.1607,2.304
37121,NC,Mitchell,56,0.0893,2.161
27133,MN,Rock,55,0.2545,2.309
48469,TX,Victoria,55,0.1455,2.2
30075,MT,Powder River,55,0.0364,2.055
47073,TN,Hawkins,55,0.4182,2.782
05005,AR,Baxter,55,0.4182,2.836
05133,AR,Sevier,55,0.3455,2.655
22057,LA,Lafourche,55,0.0909,2.164
13193,GA,Macon,55,0.4727,2.927
28031,MS,Covington,55,0.2,2.309
19067,IA,Floyd,55,0.2182,2.364
21099,KY,Hart,55,0.5273,2.782
26019,MI,Benzie,55,0.6909,3.364
23009,ME,Hancock,55,0.0545,2.109
48467,TX,Van Zandt,54,0.463,2.5
35017,NM,Grant,54,0.2778,2.333
35007,NM,Colfax,54,0.2407,2.389
56019,WY,Johnson,54,0.3148,2.537
47177,TN,Warren,54,0.1296,2.241
13091,GA,Dodge,54,0.5185,3.0
28161,MS,Yalobusha,54,0.3519,2.463
18129,IN,Posey,54,0.463,2.741
55077,WI,Marquette,54,0.537,2.815
17149,IL,Pike,54,0.9074,2.926
17147,IL,Piatt,54,0.8704,2.889
17181,IL,Union,54,0.9074,3.148
21077,KY,Gallatin,54,0.3889,2.519
30079,MT,Prairie,53,0.0189,2.019
08007,CO,Archuleta,53,0.3585,2.717
16067,ID,Minidoka,53,0.0755,2.132
16087,ID,Washington,53,0.2075,2.34
01057,AL,Fayette,53,0.0566,2.075
05097,AR,Montgomery,53,0.3774,2.736
18153,IN,Sullivan,53,0.3585,2.66
18125,IN,Pike,53,0.3962,2.717
53021,WA,Franklin,52,0.3654,2.596
48365,TX,Panola,52,0.1538,2.25
55015,WI,Calumet,52,0.2115,2.288
18033,IN,DeKalb,52,0.5,2.731
05049,AR,Fulton,52,0.3846,2.75
55085,WI,Oneida,52,0.7308,3.365
51610,VA,Falls Church,52,0.0577,2.077
53069,WA,Wahkiakum,51,0.1961,2.275
29087,MO,Holt,51,0.2941,2.353
47057,TN,Grainger,51,0.2941,2.569
18103,IN,Miami,51,0.451,2.843
55043,WI,Grant,51,0.5686,3.078
55083,WI,Oconto,51,0.5098,2.961
18077,IN,Jefferson,51,0.3922,2.784
13251,GA,Screven,51,0.2941,2.549
54053,WV,Mason,51,0.1961,2.353
50011,VT,Franklin,51,0.4314,2.549
56033,WY,Sheridan,50,0.26,2.46
31021,NE,Burt,50,0.08,2.16
13309,GA,Wheeler,50,0.34,2.68
28145,MS,Union,50,0.42,2.66
29113,MO,Lincoln,50,0.32,2.58
29186,MO,Ste. Genevieve,50,0.72,3.08
29049,MO,Clinton,50,0.34,2.4
19057,IA,Des Moines,50,0.3,2.5
19097,IA,Jackson,50,0.22,2.4
48059,TX,Callahan,49,0.5918,2.796
16069,ID,Nez Perce,49,0.1429,2.286
08085,CO,Montrose,49,0.4694,2.878
48481,TX,Wharton,49,0.1224,2.245
05013,AR,Calhoun,49,0.3673,2.694
23003,ME,Aroostook,49,0.3265,2.408
20057,KS,Ford,48,0.3333,2.667
40111,OK,Okmulgee,48,0.1875,2.229
31079,NE,Hall,48,0.375,2.563
21043,KY,Carter,48,0.4375,2.667
21145,KY,McCracken,48,0.3542,2.583
51580,VA,Covington,48,0.4583,2.646
30037,MT,Golden Valley,47,0.0426,2.085
48267,TX,Kimble,47,0.5957,2.638
40081,OK,Lincoln,47,0.4894,2.681
12037,FL,Franklin,47,0.0638,2.064
19017,IA,Bremer,47,0.1915,2.34
55001,WI,Adams,47,0.8298,3.638
26039,MI,Crawford,47,0.4894,2.66
19007,IA,Appanoose,47,0.3404,2.66
54067,WV,Nicholas,47,0.3191,2.596
54065,WV,Morgan,47,0.0638,2.128
22065,LA,Madison,46,0.5,2.63
13019,GA,Berrien,46,0.3043,2.587
48407,TX,San Jacinto,46,0.2609,2.522
13053,GA,Chattahoochee,46,0.3043,2.609
19025,IA,Calhoun,46,0.3696,2.652
17193,IL,White,46,0.6957,2.913
47025,TN,Claiborne,46,0.2609,2.5
29201,MO,Scott,46,0.5435,2.652
19197,IA,Wright,46,0.2174,2.304
26105,MI,Mason,46,0.7609,3.5
19075,IA,Grundy,46,0.2174,2.37
17137,IL,Morgan,46,0.8261,2.891
13183,GA,Long,46,0.3261,2.652
48161,TX,Freestone,45,0.7556,2.933
16003,ID,Adams,45,0.4667,2.822
20161,KS,Riley,45,0.3778,2.667
19161,IA,Sac,45,0.4222,2.822
19065,IA,Fayette,45,0.4667,2.889
55045,WI,Green,45,0.6444,3.244
18001,IN,Adams,45,0.7111,3.4
51685,VA,Manassas Park,45,0.1111,2.2
48001,TX,Anderson,44,0.3409,2.614
47121,TN,Meigs,44,0.1364,2.25
19139,IA,Muscatine,44,0.1136,2.205
26129,MI,Ogemaw,44,0.5455,2.886
19043,IA,Clayton,44,0.5,2.932
39125,OH,Paulding,44,0.5682,3.068
16057,ID,Latah,43,0.2558,2.442
56005,WY,Campbell,43,0.3023,2.465
01037,AL,Coosa,43,0.2093,2.279
47083,TN,Houston,43,0.3721,2.744
28057,MS,Itawamba,43,0.4651,2.628
47087,TN,Jackson,43,0.2326,2.442
48347,TX,Nacogdoches,43,0.2791,2.465
13049,GA,Charlton,43,0.2558,2.488
37005,NC,Alleghany,43,0.3721,2.744
23017,ME,Oxford,43,0.186,2.372
35045,NM,San Juan,42,0.1905,2.357
30107,MT,Wheatland,42,0.0,2.0
08025,CO,Crowley,42,0.4762,2.786
48279,TX,Lamb,42,0.2381,2.357
30109,MT,Wibaux,42,0.0,2.0
26107,MI,Mecosta,42,0.3333,2.619
55123,WI,Vernon,42,0.8333,3.571
19035,IA,Cherokee,41,0.6585,3.268
20111,KS,Lyon,41,0.5854,2.902
28039,MS,George,41,0.1463,2.293
47015,TN,Cannon,41,0.2439,2.463
05137,AR,Stone,41,0.4146,2.829
01075,AL,Lamar,41,0.1707,2.341
17027,IL,Clinton,41,0.7317,3.0
18047,IN,Franklin,41,0.439,2.805
26123,MI,Newaygo,41,0.5366,3.049
50021,VT,Rutland,41,0.2927,2.512
48225,TX,Houston,40,0.125,2.1
30011,MT,Carter,40,0.075,2.15
40019,OK,Carter,40,0.55,2.6
48487,TX,Wilbarger,40,0.125,2.25
48177,TX,Gonzales,40,0.6,2.875
05135,AR,Sharp,40,0.25,2.475
13213,GA,Murray,40,0.3,2.5
05041,AR,Desha,40,0.325,2.6
47049,TN,Fentress,40,0.175,2.325
18075,IN,Jay,40,0.45,2.9
19117,IA,Lucas,40,0.275,2.525
29143,MO,New Madrid,40,0.65,2.875
51590,VA,Danville,40,0.2,2.35
39121,OH,Noble,40,0.325,2.525
16051,ID,Jefferson,39,0.1538,2.205
48013,TX,Atascosa,39,0.5385,2.923
48239,TX,Jackson,39,0.5385,3.026
01025,AL,Clarke,39,0.1282,2.231
48449,TX,Titus,39,0.8462,3.051
05009,AR,Boone,39,0.3077,2.615
48291,TX,Liberty,39,0.2564,2.462
47027,TN,Clay,39,0.1538,2.256
26029,MI,Charlevoix,39,0.641,3.256
19051,IA,Davis,39,0.2051,2.359
13001,GA,Appling,39,0.5128,2.923
13109,GA,Evans,39,0.3846,2.744
44001,RI,Bristol,39,0.1026,2.026
53051,WA,Pend Oreille,38,0.2895,2.526
48381,TX,Randall,38,0.3158,2.5
01131,AL,Wilcox,38,0.2368,2.421
18119,IN,Owen,38,0.6053,3.105
17123,IL,Marshall,38,0.7632,2.921
55067,WI,Langlade,38,0.4211,2.816
26007,MI,Alpena,38,0.6053,3.132
47151,TN,Scott,38,0.2895,2.447
13209,GA,Montgomery,38,0.4474,2.868
35005,NM,Chaves,37,0.3784,2.73
16009,ID,Benewah,37,0.2162,2.405
35033,NM,Mora,37,0.4865,2.73
48067,TX,Cass,37,0.2973,2.568
28131,MS,Stone,37,0.1081,2.216
22061,LA,Lincoln,37,0.5676,2.622
39001,OH,Adams,37,0.2973,2.595
13305,GA,Wayne,37,0.5135,2.946
42053,PA,Forest,37,0.3514,2.703
16073,ID,Owyhee,36,0.2222,2.444
48099,TX,Coryell,36,0.0,2.0
38061,ND,Mountrail,36,0.0,2.0
30059,MT,Meagher,36,0.0556,2.056
31033,NE,Cheyenne,36,0.5,2.583
31049,NE,Deuel,36,0.25,2.361
13131,GA,Grady,36,0.4444,2.806
47017,TN,Carroll,36,0.3889,2.583
21157,KY,Marshall,36,0.3889,2.611
21239,KY,Woodford,36,0.5278,2.833
39163,OH,Vinton,36,0.4167,2.722
27077,MN,Lake of the Woods,36,0.0,2.0
19055,IA,Delaware,36,0.1944,2.306
55075,WI,Marinette,36,0.7222,3.389
55005,WI,Barron,36,0.6111,3.139
39039,OH,Defiance,36,0.5278,3.056
37143,NC,Perquimans,36,0.1944,2.389
36097,NY,Schuyler,36,0.4167,2.778
38007,ND,Billings,35,0.0,2.0
48497,TX,Wise,35,0.2,2.257
16065,ID,Madison,35,0.1143,2.229
48409,TX,San Patricio,35,0.4,2.714
28151,MS,Washington,35,0.2571,2.4
13307,GA,Webster,35,0.2,2.371
05109,AR,Pike,35,0.3429,2.686
39033,OH,Crawford,35,0.4571,2.914
54027,WV,Hampshire,35,0.1143,2.229
50001,VT,Addison,35,0.4,2.686
36041,NY,Hamilton,35,0.1714,2.343
38103,ND,Wells,34,0.0,2.0
35035,NM,Otero,34,0.3824,2.706
13099,GA,Early,34,0.4412,2.882
28001,MS,Adams,34,0.3824,2.588
01091,AL,Marengo,34,0.2353,2.441
01099,AL,Monroe,34,0.1471,2.294
13243,GA,Randolph,34,0.4412,2.882
28111,MS,Perry,34,0.1176,2.118
05105,AR,Perry,34,0.3529,2.676
26059,MI,Hillsdale,34,0.6176,3.206
18041,IN,Fayette,34,0.5294,2.971
18017,IN,Cass,34,0.4118,2.676
29091,MO,Howell,34,0.7941,3.588
17191,IL,Wayne,34,0.6765,2.676
29173,MO,Ralls,34,0.3529,2.647
19121,IA,Madison,34,0.2353,2.294
37137,NC,Pamlico,34,0.2941,2.588
37177,NC,Tyrrell,34,0.2059,2.353
39105,OH,Meigs,34,0.3824,2.765
48289,TX,Leon,33,0.4545,2.424
16061,ID,Lewis,33,0.3636,2.667
38021,ND,Dickey,33,0.0,2.0
38045,ND,LaMoure,33,0.0,2.0
16063,ID,Lincoln,33,0.4242,2.818
48003,TX,Andrews,33,0.6667,3.273
48117,TX,Deaf Smith,33,0.3939,2.727
48171,TX,Gillespie,33,0.1212,2.242
04023,AZ,Santa Cruz,33,0.4242,2.818
21019,KY,Boyd,33,0.1818,2.273
18049,IN,Fulton,33,0.4545,2.848
19187,IA,Webster,33,0.2424,2.455
55095,WI,Polk,33,0.5455,3.061
39107,OH,Mercer,33,0.2727,2.545
51830,VA,Williamsburg,33,0.0606,2.091
54017,WV,Doddridge,33,0.303,2.515
53017,WA,Douglas,32,0.4063,2.719
31131,NE,Otoe,32,0.1875,2.375
27167,MN,Wilkin,32,0.1875,2.219
48097,TX,Cooke,32,0.4375,2.531
19047,IA,Crawford,32,0.4063,2.719
47173,TN,Union,32,0.5313,2.969
05061,AR,Howard,32,0.5,2.938
48343,TX,Morris,32,0.25,2.25
13187,GA,Lumpkin,32,0.3438,2.656
26079,MI,Kalkaska,32,0.6563,3.281
26033,MI,Chippewa,32,0.4688,2.75
21113,KY,Jessamine,32,0.3438,2.313
29051,MO,Cole,32,0.3125,2.563
23015,ME,Lincoln,32,0.0,1.969
38081,ND,Sargent,31,0.0,2.0
48359,TX,Oldham,31,0.3871,2.484
48145,TX,Falls,31,0.8065,3.226
19141,IA,O'Brien,31,0.3226,2.581
48163,TX,Frio,31,0.3226,2.484
40085,OK,Love,31,0.7419,3.065
08095,CO,Phillips,31,0.3548,2.645
31043,NE,Dakota,31,0.2258,2.258
40119,OK,Payne,31,0.5484,2.742
13271,GA,Telfair,31,0.3871,2.71
47039,TN,Decatur,31,0.7097,2.903
47045,TN,Dyer,31,0.3871,2.581
29007,MO,Audrain,31,0.6452,3.29
29061,MO,Daviess,31,0.4194,2.581
13025,GA,Brantley,31,0.4194,2.742
54091,WV,Taylor,31,0.1935,2.387
53047,WA,Okanogan,30,0.4667,2.767
48233,TX,Hutchinson,30,0.3667,2.733
48475,TX,Ward,30,0.5667,2.867
05101,AR,Newton,30,0.4,2.8
13311,GA,White,30,0.7,3.4
13155,GA,Irwin,30,0.6333,3.2
22077,LA,Pointe Coupee,30,0.3333,2.667
19027,IA,Carroll,30,0.4333,2.867
29167,MO,Polk,30,0.0667,2.133
47169,TN,Trousdale,30,0.2667,2.533
17053,IL,Ford,30,0.8333,3.033
29059,MO,Dallas,30,0.4,2.767
13229,GA,Pierce,30,0.3,2.533
39053,OH,Gallia,30,0.3667,2.667
54071,WV,Pendleton,30,0.6,3.133
54085,WV,Ritchie,30,0.2333,2.4
48147,TX,Fannin,29,0.4828,2.966
31155,NE,Saunders,29,0.1724,2.345
48009,TX,Archer,29,0.1034,2.103
56039,WY,Teton,29,0.2414,2.483
47167,TN,Tipton,29,0.1034,2.138
13235,GA,Pulaski,29,0.2414,2.483
55099,WI,Price,29,0.5172,2.931
21143,KY,Lyon,29,0.2759,2.517
26009,MI,Antrim,29,0.3793,2.586
26023,MI,Branch,29,0.6552,3.172
29131,MO,Miller,29,0.4483,2.828
29127,MO,Marion,29,0.069,2.103
21049,KY,Clark,29,0.4138,2.517
37031,NC,Carteret,29,0.1034,2.138
50019,VT,Orleans,29,0.3103,2.345
53019,WA,Ferry,28,0.3571,2.607
56011,WY,Crook,28,0.2143,2.357
38029,ND,Emmons,28,0.0,2.0
13159,GA,Jasper,28,0.5714,3.071
01105,AL,Perry,28,0.1429,2.214
13065,GA,Clinch,28,0.5357,3.071
13003,GA,Atkinson,28,0.3929,2.714
13017,GA,Ben Hill,28,0.3929,2.75
19147,IA,Palo Alto,28,0.6071,3.143
18015,IN,Carroll,28,0.3571,2.607
17039,IL,De Witt,28,0.7857,2.786
39147,OH,Seneca,28,0.5357,3.071
55007,WI,Bayfield,28,0.5357,2.964
17085,IL,Jo Daviess,28,0.0714,2.107
37187,NC,Washington,28,0.25,2.5
39019,OH,Carroll,28,0.7143,3.429
23007,ME,Franklin,28,0.2143,2.429
20197,KS,Wabaunsee,27,0.3704,2.667
40049,OK,Garvin,27,0.6667,2.889
38071,ND,Ramsey,27,0.0,2.0
20133,KS,Neosho,27,0.2593,2.444
48049,TX,Brown,27,0.6667,3.333
40031,OK,Comanche,27,0.3704,2.556
13141,GA,Hancock,27,0.3333,2.593
28079,MS,Leake,27,0.3333,2.667
48373,TX,Polk,27,0.2222,2.333
01023,AL,Choctaw,27,0.2963,2.519
19175,IA,Union,27,0.3704,2.741
21101,KY,Henderson,27,0.1481,2.259
29003,MO,Andrew,27,0.2222,2.37
50017,VT,Orange,27,0.4074,2.556
48205,TX,Hartley,26,0.3462,2.692
19143,IA,Osceola,26,0.4231,2.846
20149,KS,Pottawatomie,26,0.3846,2.769
35027,NM,Lincoln,26,0.3846,2.731
48337,TX,Montague,26,0.1538,2.154
27117,MN,Pipestone,26,0.1154,2.231
16021,ID,Boundary,26,0.1923,2.385
48243,TX,Jeff Davis,26,0.1154,2.154
05083,AR,Logan,26,0.3846,2.731
47033,TN,Crockett,26,0.1923,2.269
47111,TN,Macon,26,0.5,3.0
26127,MI,Oceana,26,0.2308,2.346
26069,MI,Iosco,26,0.4615,2.885
19115,IA,Louisa,26,0.5,3.0
19041,IA,Clay,26,0.3846,2.615
29081,MO,Harrison,26,0.6923,2.808
39065,OH,Hardin,26,0.3077,2.538
19185,IA,Wayne,26,0.4615,2.923
13165,GA,Jenkins,26,0.4231,2.731
30071,MT,Phillips,25,0.08,2.16
48065,TX,Carson,25,0.44,2.76
20191,KS,Sumner,25,0.56,2.6
48421,TX,Sherman,25,0.4,2.72
48265,TX,Kerr,25,0.68,2.88
48189,TX,Hale,25,0.52,2.96
48169,TX,Garza,25,0.04,2.08
48185,TX,Grimes,25,0.08,2.08
40051,OK,Grady,25,0.64,3.08
31127,NE,Nemaha,25,0.16,2.32
48093,TX,Comanche,25,0.08,2.16
16023,ID,Butte,25,0.24,2.48
38073,ND,Ransom,25,0.0,2.0
13195,GA,Madison,25,0.2,2.4
19037,IA,Chickasaw,25,0.44,2.88
26089,MI,Leelanau,25,0.92,3.84
21141,KY,Logan,25,0.12,2.24
21059,KY,Daviess,25,0.28,2.56
21179,KY,Nelson,25,0.4,2.8
19073,IA,Greene,25,0.56,3.08
21173,KY,Montgomery,25,0.52,2.8
55125,WI,Vilas,25,0.6,2.96
54051,WV,Marshall,25,0.16,2.32
54083,WV,Randolph,25,0.44,2.88
48031,TX,Blanco,24,0.2083,2.417
48331,TX,Milam,24,0.1667,2.333
38099,ND,Walsh,24,0.0417,2.083
48455,TX,Trinity,24,0.25,2.25
48463,TX,Uvalde,24,0.4583,2.833
48499,TX,Wood,24,0.2917,2.583
48395,TX,Robertson,24,0.0833,2.083
48325,TX,Medina,24,0.5417,2.792
20015,KS,Butler,24,0.625,2.792
48223,TX,Hopkins,24,0.4167,2.458
47181,TN,Wayne,24,0.2917,2.583
48315,TX,Marion,24,0.2083,2.292
01129,AL,Washington,24,0.0,2.0
22031,LA,De Soto,24,0.25,2.375
26165,MI,Wexford,24,0.5833,3.167
55107,WI,Rusk,24,0.75,3.417
19059,IA,Dickinson,24,0.2917,2.583
55013,WI,Burnett,24,0.4583,2.917
13005,GA,Bacon,24,0.5,2.917
54057,WV,Mineral,24,0.125,2.167
53071,WA,Walla Walla,23,0.3478,2.609
31141,NE,Platte,23,0.1304,2.217
35055,NM,Taos,23,0.4348,2.87
48175,TX,Goliad,23,0.1739,2.304
08111,CO,San Juan,23,0.3478,2.696
48143,TX,Erath,23,0.087,2.174
13241,GA,Rabun,23,0.5217,3.043
22037,LA,East Feliciana,23,0.0,2.0
47101,TN,Lewis,23,0.2609,2.478
47129,TN,Morgan,23,0.3913,2.783
17001,IL,Adams,23,0.4783,2.478
19151,IA,Pocahontas,23,0.6957,3.304
29187,MO,St. Francois,23,0.0435,2.043
39137,OH,Putnam,23,0.8696,3.739
19005,IA,Allamakee,23,0.5652,3.087
21205,KY,Rowan,23,0.5652,2.696
29063,MO,DeKalb,23,0.4348,2.565
29119,MO,McDonald,23,0.4783,2.957
29221,MO,Washington,23,0.2609,2.435
18131,IN,Pulaski,23,0.5652,3.13
56015,WY,Goshen,22,0.4091,2.818
19119,IA,Lyon,22,0.5909,2.955
38063,ND,Nelson,22,0.0,2.0
01059,AL,Franklin,22,0.0909,2.136
13061,GA,Clay,22,0.5909,3.136
13201,GA,Miller,22,0.4545,2.909
17171,IL,Scott,22,0.9545,2.955
26153,MI,Schoolcraft,22,0.5455,3.091
38023,ND,Divide,21,0.0,2.0
31169,NE,Thayer,21,0.0952,2.19
31067,NE,Gage,21,0.0952,2.19
40097,OK,Mayes,21,0.2857,2.286
20099,KS,Labette,21,0.0952,2.19
19145,IA,Page,21,0.5714,3.048
28105,MS,Oktibbeha,21,0.0476,2.095
01111,AL,Randolph,21,0.1429,2.238
21009,KY,Barren,21,0.619,2.952
21221,KY,Trigg,21,0.0476,2.048
26101,MI,Manistee,21,0.5714,3.095
17153,IL,Pulaski,21,0.8095,2.952
54005,WV,Boone,21,0.0952,2.19
23027,ME,Waldo,21,0.2857,2.524
40133,OK,Seminole,20,0.45,2.8
20205,KS,Wilson,20,0.6,3.2
20059,KS,Franklin,20,0.1,2.15
46103,SD,Pennington,20,0.6,3.2
38055,ND,McLean,20,0.0,2.0
48333,TX,Mills,20,0.2,2.15
35061,NM,Valencia,20,0.6,3.0
48507,TX,Zavala,20,0.55,3.1
20061,KS,Geary,20,0.25,2.45
48011,TX,Armstrong,20,0.05,2.1
38067,ND,Pembina,20,0.0,2.0
40101,OK,Muskogee,20,0.15,2.2
48213,TX,Henderson,20,0.35,2.6
48443,TX,Terrell,20,0.15,2.25
13303,GA,Washington,20,0.6,3.05
13249,GA,Schley,20,0.15,2.3
28043,MS,Grenada,20,0.15,2.2
13181,GA,Lincoln,20,0.15,2.3
22083,LA,Richland,20,0.6,2.7
40135,OK,Sequoyah,20,0.75,3.0
17015,IL,Carroll,20,0.65,3.2
55011,WI,Buffalo,20,0.45,2.85
19191,IA,Winneshiek,20,0.6,3.05
19135,IA,Monroe,20,0.45,2.85
26103,MI,Marquette,20,0.65,3.3
55047,WI,Green Lake,20,0.65,3.25
54009,WV,Brooke,20,0.4,2.7
48255,TX,Karnes,19,0.5789,3.158
38085,ND,Sioux,19,0.0526,2.105
31037,NE,Colfax,19,0.0,2.0
38033,ND,Golden Valley,19,0.0,2.0
47183,TN,Weakley,19,0.4211,2.842
26085,MI,Lake,19,0.6316,3.263
21139,KY,Livingston,19,0.2105,2.368
47161,TN,Stewart,19,0.4211,2.842
37041,NC,Chowan,19,0.1579,2.316
54015,WV,Clay,19,0.1053,2.158
29005,MO,Atchison,18,0.2778,2.389
16013,ID,Blaine,18,0.1667,2.333
40015,OK,Caddo,18,0.6667,3.222
16081,ID,Teton,18,0.2222,2.444
30069,MT,Petroleum,18,0.1111,2.111
20169,KS,Saline,18,0.2778,2.333
28087,MS,Lowndes,18,0.1667,2.333
28097,MS,Montgomery,18,0.3333,2.667
01027,AL,Clay,18,0.1111,2.222
48401,TX,Rusk,18,0.2222,2.389
13007,GA,Baker,18,0.4444,2.889
05037,AR,Cross,18,0.3333,2.611
21035,KY,Calloway,18,0.3889,2.611
29163,MO,Pike,18,0.4444,2.889
55023,WI,Crawford,18,0.7778,3.556
51620,VA,Franklin,18,0.2222,2.444
47091,TN,Johnson,18,0.2222,2.389
39031,OH,Coshocton,18,0.1111,2.222
48095,TX,Concho,17,0.2941,2.588
40071,OK,Kay,17,0.7059,3.059
20083,KS,Hodgeman,17,0.4118,2.824
48057,TX,Calhoun,17,0.0,2.0
48451,TX,Tom Green,17,0.4118,2.647
48073,TX,Cherokee,17,0.0588,2.059
48221,TX,Hood,17,0.0588,2.118
48465,TX,Val Verde,17,0.1176,2.235
19093,IA,Ida,17,0.4706,2.882
38001,ND,Adams,17,0.0,2.0
38031,ND,Foster,17,0.0,2.0
38013,ND,Burke,17,0.0,2.0
22101,LA,St. Mary,17,0.0,1.941
13111,GA,Fannin,17,0.4706,2.882
28051,MS,Holmes,17,0.5294,2.765
22045,LA,Iberia,17,0.1176,2.176
47079,TN,Henry,17,0.2941,2.471
28115,MS,Pontotoc,17,0.1765,2.235
17177,IL,Stephenson,17,0.2941,2.353
18171,IN,Warren,17,0.7059,3.412
21199,KY,Pulaski,17,0.4118,2.824
18115,IN,Ohio,17,0.1765,2.294
18175,IN,Washington,17,0.7647,3.529
18179,IN,Wells,17,0.5882,3.176
20037,KS,Crawford,17,0.2353,2.471
19107,IA,Keokuk,17,0.2353,2.471
36123,NY,Yates,17,0.4118,2.824
50005,VT,Caledonia,17,0.3529,2.353
23013,ME,Knox,17,0.0,2.0
54031,WV,Hardy,17,0.2353,2.412
16045,ID,Gem,16,0.1875,2.375
30033,MT,Garfield,16,0.0,2.0
38041,ND,Hettinger,16,0.0,2.0
20053,KS,Ellsworth,16,0.5,2.5
16007,ID,Bear Lake,16,0.3125,2.563
27125,MN,Red Lake,16,0.0,2.0
56023,WY,Lincoln,16,0.375,2.75
40099,OK,Murray,16,0.4375,2.625
19165,IA,Shelby,16,0.375,2.688
20125,KS,Montgomery,16,0.3125,2.563
48457,TX,Tyler,16,0.375,2.688
05073,AR,Lafayette,16,0.4375,2.813
13101,GA,Echols,16,0.25,2.5
47131,TN,Obion,16,0.4375,2.875
28023,MS,Clarke,16,0.4375,2.688
29069,MO,Dunklin,16,0.4375,2.875
28015,MS,Carroll,16,0.5,2.5
28003,MS,Alcorn,16,0.25,2.5
48419,TX,Shelby,16,0.25,2.5
21011,KY,Bath,16,0.625,2.75
29213,MO,Taney,16,0.1875,2.313
26141,MI,Presque Isle,16,0.375,2.75
18007,IN,Benton,16,0.375,2.75
18117,IN,Orange,16,0.5625,3.125
21147,KY,McCreary,16,0.25,2.5
54059,WV,Mingo,16,0.3125,2.625
54023,WV,Grant,16,0.125,2.188
54001,WV,Barbour,16,0.25,2.438
39115,OH,Morgan,16,0.75,3.375
54093,WV,Tucker,16,0.3125,2.625
48287,TX,Lee,15,0.0,2.0
56013,WY,Fremont,15,0.8,3.467
31123,NE,Morrill,15,0.3333,2.667
48069,TX,Castro,15,0.4,2.533
48313,TX,Madison,15,0.5333,2.6
48427,TX,Starr,15,0.0667,2.067
48129,TX,Donley,15,0.4,2.733
35041,NM,Roosevelt,15,0.3333,2.667
40009,OK,Beckham,15,0.6667,3.0
48271,TX,Kinney,15,0.2,2.4
47071,TN,Hardin,15,0.3333,2.667
48387,TX,Red River,15,0.2667,2.533
13291,GA,Union,15,0.4,2.667
13037,GA,Calhoun,15,0.7333,3.4
47069,TN,Hardeman,15,0.4,2.8
22069,LA,Natchitoches,15,0.6667,2.8
28129,MS,Smith,15,0.3333,2.667
20021,KS,Cherokee,15,0.1333,2.267
21033,KY,Caldwell,15,0.3333,2.6
19109,IA,Kossuth,15,0.6,3.067
29147,MO,Nodaway,15,0.5333,2.933
19089,IA,Howard,15,0.3333,2.6
19131,IA,Mitchell,15,0.6667,3.333
21123,KY,Larue,15,0.4,2.533
21183,KY,Ohio,15,0.2667,2.2
17157,IL,Randolph,15,0.4667,2.933
21085,KY,Grayson,15,0.2667,2.4
50013,VT,Grand Isle,15,0.3333,2.6
48501,TX,Yoakum,14,0.5714,2.857
48023,TX,Baylor,14,0.0,2.0
38083,ND,Sheridan,14,0.0,2.0
38087,ND,Slope,14,0.0,2.0
56029,WY,Park,14,0.5714,3.071
27081,MN,Lincoln,14,0.4286,2.857
46083,SD,Lincoln,14,0.0714,2.143
31039,NE,Cuming,14,0.5,3.0
05107,AR,Phillips,14,0.2857,2.571
28009,MS,Benton,14,0.2857,2.357
22087,LA,St. Bernard,14,0.5714,2.857
05081,AR,Little River,14,0.2857,2.571
13281,GA,Towns,14,0.2857,2.571
28005,MS,Amite,14,0.2857,2.571
28153,MS,Wayne,14,0.0714,2.071
29141,MO,Morgan,14,0.1429,2.214
21161,KY,Mason,14,0.4286,2.857
18161,IN,Union,14,0.5714,3.0
26061,MI,Houghton,14,0.5,2.857
21031,KY,Butler,14,0.3571,2.5
29121,MO,Macon,14,0.4286,2.857
50015,VT,Lamoille,14,0.0714,2.0
49033,UT,Rich,13,0.2308,2.462
48207,TX,Haskell,13,0.1538,2.308
35059,NM,Union,13,0.1538,2.231
38039,ND,Griggs,13,0.0,2.0
48115,TX,Dawson,13,0.1538,2.308
20025,KS,Clark,13,0.5385,3.077
40117,OK,Pawnee,13,0.6154,2.923
20151,KS,Pratt,13,0.3077,2.615
48445,TX,Terry,13,0.2308,2.462
46015,SD,Brule,13,0.1538,2.308
40107,OK,Okfuskee,13,0.2308,2.385
31083,NE,Harlan,13,0.4615,2.923
21025,KY,Breathitt,13,0.5385,3.077
29135,MO,Moniteau,13,0.4615,2.923
21213,KY,Simpson,13,0.2308,2.385
29101,MO,Johnson,13,0.3846,2.692
40035,OK,Craig,13,0.3077,2.462
29133,MO,Mississippi,13,0.3077,2.538
29215,MO,Texas,13,0.3846,2.769
26109,MI,Menominee,13,0.8462,3.692
26041,MI,Delta,13,0.5385,3.077
19081,IA,Hancock,13,0.7692,3.538
23029,ME,Washington,13,0.3077,2.538
54103,WV,Wetzel,13,0.0769,2.154
31027,NE,Cedar,12,0.25,2.5
38005,ND,Benson,12,0.0,2.0
48017,TX,Bailey,12,0.75,3.5
48281,TX,Lampasas,12,0.3333,2.667
27113,MN,Pennington,12,0.0,2.0
48047,TX,Brooks,12,0.3333,2.667
30055,MT,McCone,12,0.0,2.0
46005,SD,Beadle,12,0.3333,2.667
31179,NE,Wayne,12,0.3333,2.667
31041,NE,Custer,12,0.1667,2.333
27089,MN,Marshall,12,0.0,2.0
56027,WY,Niobrara,12,0.5833,3.083
31023,NE,Butler,12,0.4167,2.833
05089,AR,Marion,12,0.3333,2.667
13197,GA,Marion,12,0.1667,2.333
28013,MS,Calhoun,12,0.0,2.0
28143,MS,Tunica,12,0.5833,2.833
17061,IL,Greene,12,0.5,3.0
29025,MO,Caldwell,12,0.3333,2.583
19077,IA,Guthrie,12,0.6667,3.333
29207,MO,Stoddard,12,0.5,3.0
29125,MO,Maries,12,0.75,3.5
21219,KY,Todd,12,0.0833,2.167
17083,IL,Jersey,12,0.8333,3.583
40115,OK,Ottawa,12,0.75,3.083
29111,MO,Lewis,12,0.25,2.5
47137,TN,Pickett,12,0.4167,2.833
21187,KY,Owen,12,0.4167,2.833
51530,VA,Buena Vista,12,0.3333,2.5
54043,WV,Lincoln,12,0.0,2.0
40047,OK,Garfield,11,0.2727,2.545
20007,KS,Barber,11,0.9091,3.818
40013,OK,Bryan,11,0.8182,3.364
20097,KS,Kiowa,11,0.1818,2.364
20119,KS,Meade,11,0.2727,2.545
48179,TX,Gray,11,0.5455,3.0
20139,KS,Osage,11,0.5455,3.091
38011,ND,Bowman,11,0.0,2.0
48219,TX,Hockley,11,0.3636,2.455
48435,TX,Sutton,11,0.3636,2.636
48083,TX,Coleman,11,0.0909,2.182
20055,KS,Finney,11,0.5455,3.091
31147,NE,Richardson,11,0.2727,2.545
16037,ID,Custer,11,0.4545,2.636
20193,KS,Thomas,11,0.8182,3.0
28027,MS,Coahoma,11,0.4545,2.818
28099,MS,Neshoba,11,0.1818,2.364
28041,MS,Greene,11,0.0,2.0
13253,GA,Seminole,11,0.6364,3.273
13315,GA,Wilcox,11,0.3636,2.727
17125,IL,Mason,11,0.4545,2.909
21233,KY,Webster,11,0.3636,2.545
21163,KY,Meade,11,0.3636,2.727
21091,KY,Hancock,11,0.4545,2.909
29029,MO,Camden,11,0.4545,2.909
19189,IA,Winnebago,11,0.6364,3.273
21013,KY,Bell,11,0.4545,2.909
17165,IL,Saline,11,0.2727,2.455
54075,WV,Pocahontas,11,0.5455,3.091
20079,KS,Harvey,10,0.2,2.3
38037,ND,Grant,10,0.0,2.0
48273,TX,Kleberg,10,0.4,2.8
38047,ND,Logan,10,0.0,2.0
48461,TX,Upton,10,0.4,2.8
31157,NE,Scotts Bluff,10,0.0,2.0
48277,TX,Lamar,10,0.4,2.6
40033,OK,Cotton,10,0.5,2.7
48253,TX,Jones,10,0.5,3.0
48151,TX,Fisher,10,0.3,2.6
28141,MS,Tishomingo,10,0.0,2.0
47135,TN,Perry,10,0.3,2.6
47053,TN,Gibson,10,0.2,2.4
28007,MS,Attala,10,0.3,2.6
47023,TN,Chester,10,0.5,2.9
28095,MS,Monroe,10,0.2,2.4
26001,MI,Alcona,10,0.5,3.0
29209,MO,Stone,10,0.0,1.9
21089,KY,Greenup,10,0.6,2.7
19091,IA,Humboldt,10,0.3,2.5
51045,VA,Craig,10,0.4,2.8
51735,VA,Poquoson,10,0.0,1.8
54097,WV,Upshur,10,0.3,2.5
53003,WA,Asotin,9,0.0,2.0
20167,KS,Russell,9,0.4444,2.556
48249,TX,Jim Wells,9,0.3333,2.556
38069,ND,Pierce,9,0.0,2.0
48299,TX,Llano,9,0.0,2.0
40091,OK,McIntosh,9,0.3333,2.333
48301,TX,Loving,9,0.5556,3.111
48173,TX,Glasscock,9,0.2222,2.444
31001,NE,Adams,9,0.2222,2.444
38051,ND,McIntosh,9,0.0,2.0
46063,SD,Harding,9,0.3333,2.667
20181,KS,Sherman,9,0.5556,2.778
48111,TX,Dallam,9,0.7778,3.444
46023,SD,Charles Mix,9,0.1111,2.222
48285,TX,Lavaca,9,0.0,2.0
20145,KS,Pawnee,9,0.4444,2.889
48137,TX,Edwards,9,0.0,2.0
22113,LA,Vermilion,9,0.1111,2.111
40041,OK,Delaware,9,0.2222,2.444
47097,TN,Lauderdale,9,0.3333,2.667
22075,LA,Plaquemines,9,0.5556,3.0
48403,TX,Sabine,9,0.5556,2.778
17057,IL,Fulton,9,0.6667,3.333
21191,KY,Pendleton,9,0.1111,2.111
18013,IN,Brown,9,1.0,3.778
17109,IL,McDonough,9,0.2222,2.222
19003,IA,Adams,9,0.3333,2.667
21023,KY,Bracken,9,0.6667,3.111
55129,WI,Washburn,9,0.6667,3.222
55103,WI,Richland,9,0.7778,3.556
55051,WI,Iron,9,0.7778,3.556
19159,IA,Ringgold,9,0.8889,3.444
29011,MO,Barton,9,0.2222,2.222
21021,KY,Boyle,9,0.4444,2.778
35009,NM,Curry,8,0.375,2.75
31139,NE,Pierce,8,0.0,2.0
20051,KS,Ellis,8,0.625,2.875
08053,CO,Hinsdale,8,0.625,3.0
20095,KS,Kingman,8,0.0,2.0
48489,TX,Willacy,8,0.25,2.5
48429,TX,Stephens,8,0.375,2.75
48483,TX,Wheeler,8,0.75,2.875
48323,TX,Maverick,8,0.5,3.0
48025,TX,Bee,8,0.25,2.375
31151,NE,Saline,8,0.25,2.5
46067,SD,Hutchinson,8,0.5,3.0
48127,TX,Dimmit,8,0.625,3.0
48305,TX,Lynn,8,0.375,2.625
56003,WY,Big Horn,8,0.625,3.25
38009,ND,Bottineau,8,0.0,2.0
40121,OK,Pittsburg,8,0.25,2.5
31137,NE,Phelps,8,0.125,2.25
20069,KS,Gray,8,0.125,2.25
40103,OK,Noble,8,0.875,3.375
22111,LA,Union,8,0.125,2.25
13167,GA,Johnson,8,0.375,2.75
13239,GA,Quitman,8,0.375,2.75
28061,MS,Jasper,8,0.125,2.25
48199,TX,Hardin,8,0.375,2.5
28037,MS,Franklin,8,0.375,2.5
28139,MS,Tippah,8,0.25,2.25
21169,KY,Metcalfe,8,0.625,3.125
17021,IL,Christian,8,0.25,2.5
17155,IL,Putnam,8,0.25,2.5
17017,IL,Cass,8,0.75,3.5
27031,MN,Cook,8,0.0,2.0
21167,KY,Mercer,8,0.0,2.0
21177,KY,Muhlenberg,8,0.125,2.125
21055,KY,Crittenden,8,0.25,2.5
19137,IA,Montgomery,8,0.25,2.25
21171,KY,Monroe,8,0.125,2.25
21107,KY,Hopkins,8,0.75,2.875
21197,KY,Powell,8,0.5,3.0
19009,IA,Audubon,8,0.125,2.25
21153,KY,Magoffin,8,0.25,2.375
37029,NC,Camden,8,0.0,2.0
51690,VA,Martinsville,8,0.25,2.5
40039,OK,Custer,7,0.2857,2.571
48503,TX,Young,7,0.0,2.0
16041,ID,Franklin,7,0.2857,2.571
20113,KS,McPherson,7,0.4286,2.857
20035,KS,Cowley,7,0.2857,2.571
48193,TX,Hamilton,7,0.0,2.0
40105,OK,Nowata,7,0.8571,3.714
31113,NE,Logan,7,0.0,2.0
16035,ID,Clearwater,7,0.4286,2.857
30091,MT,Sheridan,7,0.0,2.0
31173,NE,Thurston,7,0.1429,2.286
16025,ID,Camas,7,0.2857,2.571
05147,AR,Woodruff,7,0.4286,2.857
47127,TN,Moore,7,0.4286,2.857
48241,TX,Jasper,7,0.5714,2.857
48459,TX,Upshur,7,0.2857,2.429
22011,LA,Beauregard,7,0.2857,2.429
21051,KY,Clay,7,0.2857,2.571
55091,WI,Pepin,7,0.2857,2.571
26043,MI,Dickinson,7,0.7143,3.429
17145,IL,Perry,7,0.8571,3.714
29229,MO,Wright,7,0.5714,3.143
29199,MO,Scotland,7,0.7143,3.429
29185,MO,St. Clair,7,0.4286,2.857
26157,MI,Tuscola,7,0.4286,2.857
19177,IA,Van Buren,7,0.2857,2.429
26013,MI,Baraga,7,0.4286,2.857
21005,KY,Anderson,7,0.4286,2.857
29137,MO,Monroe,7,0.1429,2.286
55003,WI,Ashland,7,0.2857,2.571
20011,KS,Bourbon,7,0.4286,2.857
17077,IL,Jackson,7,0.4286,2.714
26053,MI,Gogebic,7,0.2857,2.571
21079,KY,Garrard,7,0.2857,2.571
17187,IL,Warren,7,0.5714,3.143
55065,WI,Lafayette,7,0.5714,3.143
51750,VA,Radford,7,0.1429,2.286
50009,VT,Essex,7,0.2857,2.429
54105,WV,Wirt,7,0.0,2.0
31119,NE,Madison,6,0.1667,2.333
48477,TX,Washington,6,0.0,2.0
40123,OK,Pontotoc,6,0.8333,3.667
56017,WY,Hot Springs,6,0.5,2.833
31003,NE,Antelope,6,0.1667,2.333
46081,SD,Lawrence,6,0.5,3.0
56035,WY,Sublette,6,0.3333,2.5
48191,TX,Hall,6,0.1667,2.333
16029,ID,Caribou,6,0.0,2.0
20049,KS,Elk,6,0.8333,3.667
35003,NM,Catron,6,0.5,3.0
20017,KS,Chase,6,0.3333,2.5
48399,TX,Runnels,6,0.5,2.833
38079,ND,Rolette,6,0.0,2.0
31163,NE,Sherman,6,0.1667,2.333
40067,OK,Jefferson,6,1.0,4.0
20195,KS,Trego,6,0.8333,3.167
31133,NE,Pawnee,6,0.3333,2.667
48415,TX,Scurry,6,0.1667,2.167
28077,MS,Lawrence,6,0.1667,2.333
28053,MS,Humphreys,6,0.1667,2.333
28063,MS,Jefferson,6,0.5,3.0
05065,AR,Izard,6,0.5,3.0
28011,MS,Bolivar,6,0.5,2.833
29205,MO,Shelby,6,0.1667,2.333
19063,IA,Emmet,6,0.3333,2.667
29217,MO,Vernon,6,0.5,2.667
29001,MO,Adair,6,0.6667,3.333
29035,MO,Carter,6,0.3333,2.667
21105,KY,Hickman,6,0.1667,2.333
17129,IL,Menard,6,0.0,2.0
17079,IL,Jasper,6,0.0,2.0
29013,MO,Bates,6,0.6667,3.167
19023,IA,Butler,6,0.8333,3.667
37095,NC,Hyde,6,0.5,3.0
48417,TX,Shackelford,5,0.2,2.4
48431,TX,Sterling,5,0.2,2.4
48411,TX,San Saba,5,0.4,2.8
48425,TX,Somervell,5,0.2,2.2
48051,TX,Burleson,5,0.0,2.0
20155,KS,Reno,5,0.6,3.2
46019,SD,Butte,5,0.8,3.6
48123,TX,DeWitt,5,0.2,2.4
48211,TX,Hemphill,5,0.4,2.8
48075,TX,Childress,5,0.0,2.0
31065,NE,Furnas,5,0.4,2.8
40063,OK,Hughes,5,1.0,4.0
30051,MT,Liberty,5,0.0,2.0
16059,ID,Lemhi,5,0.0,2.0
28125,MS,Sharkey,5,0.4,2.8
22027,LA,Claiborne,5,0.0,2.0
48159,TX,Franklin,5,0.6,3.0
22039,LA,Evangeline,5,0.0,1.8
22007,LA,Assumption,5,0.0,2.0
22125,LA,West Feliciana,5,0.0,1.4
28091,MS,Marion,5,0.2,2.4
40089,OK,McCurtain,5,0.4,2.6
47175,TN,Van Buren,5,0.2,2.4
21129,KY,Lee,5,0.2,2.4
21223,KY,Trimble,5,0.4,2.4
26071,MI,Iron,5,0.4,2.8
21039,KY,Carlisle,5,0.4,2.8
17173,IL,Shelby,5,0.2,2.2
21195,KY,Pike,5,0.0,2.0
26135,MI,Oscoda,5,0.4,2.8
21083,KY,Graves,5,0.4,2.6
21071,KY,Floyd,5,0.6,3.2
29075,MO,Gentry,5,0.6,3.0
21231,KY,Wayne,5,0.4,2.8
19173,IA,Taylor,5,0.4,2.8
21237,KY,Wolfe,5,0.8,3.6
29151,MO,Osage,5,0.4,2.8
29073,MO,Gasconade,5,0.2,2.4
54047,WV,McDowell,5,0.8,3.6
51640,VA,Galax,5,0.2,2.4
39111,OH,Monroe,5,0.0,2.0
35011,NM,De Baca,4,0.25,2.5
46011,SD,Brookings,4,0.5,3.0
20031,KS,Coffey,4,0.25,2.25
27011,MN,Big Stone,4,0.25,2.5
31165,NE,Sioux,4,1.0,3.75
48327,TX,Menard,4,0.25,2.5
40095,OK,Marshall,4,1.0,4.0
31143,NE,Polk,4,0.25,2.5
48105,TX,Crockett,4,0.75,3.0
46087,SD,McCook,4,0.75,3.0
48153,TX,Floyd,4,0.0,2.0
20041,KS,Dickinson,4,0.5,3.0
48357,TX,Ochiltree,4,0.5,3.0
48103,TX,Crane,4,0.25,2.25
48107,TX,Crosby,4,0.0,2.0
40043,OK,Dewey,4,1.0,4.0
40029,OK,Coal,4,1.0,4.0
48195,TX,Hansford,4,0.0,2.0
40137,OK,Stephens,4,1.0,4.0
48369,TX,Parmer,4,0.25,2.5
20131,KS,Nemaha,4,0.5,3.0
31089,NE,Holt,4,0.5,2.5
48275,TX,Knox,4,0.0,2.0
38027,ND,Eddy,4,0.0,2.0
20085,KS,Jackson,4,0.75,3.25
20187,KS,Stanton,4,0.25,2.5
31121,NE,Merrick,4,0.0,2.0
40153,OK,Woodward,4,1.0,4.0
20073,KS,Greenwood,4,1.0,4.0
20159,KS,Rice,4,0.25,2.5
48297,TX,Live Oak,4,0.5,3.0
22009,LA,Avoyelles,4,0.75,3.25
48405,TX,San Augustine,4,0.0,2.0
22067,LA,Morehouse,4,0.5,2.75
28147,MS,Walthall,4,0.0,2.0
28117,MS,Prentiss,4,0.0,2.0
28065,MS,Jefferson Davis,4,0.25,2.5
28083,MS,Leflore,4,0.0,2.0
28069,MS,Kemper,4,0.25,2.25
13173,GA,Lanier,4,1.0,3.5
20003,KS,Anderson,4,0.0,2.0
29175,MO,Randolph,4,0.75,3.5
29009,MO,Barry,4,1.0,3.5
55037,WI,Florence,4,0.5,3.0
26119,MI,Montmorency,4,0.5,3.0
21001,KY,Adair,4,0.25,2.5
17065,IL,Hamilton,4,0.5,3.0
17003,IL,Alexander,4,0.5,2.75
55061,WI,Kewaunee,4,0.0,2.0
21065,KY,Estill,4,0.25,2.5
26063,MI,Huron,4,0.0,2.0
26051,MI,Gladwin,4,1.0,4.0
55113,WI,Sawyer,4,0.25,2.5
18155,IN,Switzerland,4,0.75,3.5
51720,VA,Norton,4,0.0,2.0
17185,IL,Wabash,4,0.25,2.25
29153,MO,Ozark,4,1.0,4.0
21121,KY,Knox,4,0.5,3.0
17071,IL,Henderson,4,0.5,3.0
29159,MO,Pettis,4,0.5,2.75
25007,MA,Dukes,4,0.0,1.75
54021,WV,Gilmer,4,0.25,2.5
48293,TX,Limestone,3,0.0,2.0
30025,MT,Fallon,3,0.0,2.0
31095,NE,Jefferson,3,0.3333,2.667
48165,TX,Gaines,3,0.0,2.0
31007,NE,Banner,3,0.3333,2.667
38091,ND,Steele,3,0.0,2.0
48119,TX,Delta,3,0.0,2.0
40147,OK,Washington,3,0.0,2.0
20127,KS,Morris,3,0.6667,3.333
48263,TX,Kent,3,0.6667,2.667
20175,KS,Seward,3,1.0,4.0
20117,KS,Marshall,3,0.6667,3.333
31145,NE,Red Willow,3,0.0,2.0
20109,KS,Logan,3,1.0,4.0
20001,KS,Allen,3,0.3333,2.667
31031,NE,Cherry,3,0.3333,2.667
40055,OK,Greer,3,0.3333,2.667
31091,NE,Hooker,3,0.0,2.0
46003,SD,Aurora,3,0.0,2.0
48035,TX,Bosque,3,0.0,2.0
40065,OK,Jackson,3,0.3333,2.667
38065,ND,Oliver,3,0.0,2.0
40005,OK,Atoka,3,0.3333,2.667
40075,OK,Kiowa,3,0.6667,3.333
31149,NE,Rock,3,0.0,2.0
48341,TX,Moore,3,0.3333,2.333
46079,SD,Lake,3,0.0,2.0
46035,SD,Davison,3,0.0,2.0
27155,MN,Traverse,3,0.0,2.0
48321,TX,Matagorda,3,0.3333,2.667
48311,TX,McMullen,3,0.3333,2.667
40149,OK,Washita,3,0.6667,3.0
20013,KS,Brown,3,0.6667,3.333
40073,OK,Kingfisher,3,1.0,4.0
31059,NE,Fillmore,3,0.0,2.0
48019,TX,Bandera,3,0.0,2.0
46127,SD,Union,3,0.6667,3.333
22091,LA,St. Helena,3,0.6667,3.333
47109,TN,McNairy,3,0.3333,2.667
40021,OK,Cherokee,3,0.0,2.0
28025,MS,Clay,3,0.0,2.0
22003,LA,Allen,3,0.0,2.0
22029,LA,Concordia,3,0.3333,2.667
22041,LA,Franklin,3,0.0,2.0
26095,MI,Luce,3,1.0,4.0
21097,KY,Harrison,3,0.6667,3.333
21007,KY,Ballard,3,0.0,2.0
21225,KY,Union,3,0.3333,2.667
21003,KY,Allen,3,0.0,2.0
21135,KY,Lewis,3,0.6667,3.333
21217,KY,Taylor,3,0.0,2.0
29129,MO,Mercer,3,0.0,2.0
17067,IL,Hancock,3,0.3333,2.667
29117,MO,Livingston,3,0.0,2.0
21061,KY,Edmonson,3,0.3333,2.333
21027,KY,Breckinridge,3,0.6667,3.333
21127,KY,Lawrence,3,0.6667,3.333
29089,MO,Howard,3,0.0,2.0
29115,MO,Linn,3,0.3333,2.667
21131,KY,Leslie,3,0.6667,3.333
29123,MO,Madison,3,0.0,2.0
17159,IL,Richland,3,0.6667,3.333
29083,MO,Henry,3,0.3333,2.667
29045,MO,Clark,3,0.6667,3.333
54013,WV,Calhoun,3,0.0,2.0
53013,WA,Columbia,2,0.0,2.0
31181,NE,Webster,2,0.5,3.0
31171,NE,Thomas,2,0.0,2.0
31013,NE,Box Butte,2,0.0,2.0
48269,TX,King,2,0.0,1.0
48043,TX,Brewster,2,0.0,2.0
48493,TX,Wilson,2,0.5,3.0
20087,KS,Jefferson,2,1.0,4.0
20019,KS,Chautauqua,2,0.0,2.0
31125,NE,Nance,2,0.5,3.0
31057,NE,Dundy,2,0.0,2.0
38075,ND,Renville,2,0.0,2.0
46085,SD,Lyman,2,0.5,2.5
35028,NM,Los Alamos,2,0.5,3.0
48131,TX,Duval,2,0.5,3.0
46071,SD,Jackson,2,0.5,3.0
31029,NE,Chase,2,0.0,2.0
40023,OK,Choctaw,2,0.5,3.0
31087,NE,Hitchcock,2,0.0,2.0
46013,SD,Brown,2,0.0,2.0
48197,TX,Hardeman,2,0.0,2.0
31093,NE,Howard,2,0.5,3.0
48391,TX,Refugio,2,0.5,2.5
46137,SD,Ziebach,2,0.5,3.0
20165,KS,Rush,2,0.5,3.0
20071,KS,Greeley,2,1.0,4.0
31135,NE,Perkins,2,0.0,2.0
20089,KS,Jewell,2,0.0,2.0
46077,SD,Kingsbury,2,0.5,3.0
48319,TX,Mason,2,0.0,2.0
40079,OK,Le Flore,2,0.5,2.5
28133,MS,Sunflower,2,0.0,2.0
13125,GA,Glascock,2,0.5,3.0
22117,LA,Washington,2,0.0,2.0
22115,LA,Vernon,2,0.0,2.0
28103,MS,Noxubee,2,0.0,2.0
22059,LA,LaSalle,2,0.5,2.5
22085,LA,Sabine,2,0.0,2.0
28019,MS,Choctaw,2,1.0,4.0
28119,MS,Quitman,2,0.0,2.0
28017,MS,Chickasaw,2,0.0,2.0
21155,KY,Marion,2,0.0,2.0
21087,KY,Green,2,0.5,3.0
47067,TN,Hancock,2,0.0,2.0
29039,MO,Cedar,2,0.5,3.0
26151,MI,Sanilac,2,0.0,2.0
17131,IL,Mercer,2,0.5,2.5
55119,WI,Taylor,2,1.0,4.0
17069,IL,Hardin,2,0.0,1.5
29033,MO,Carroll,2,1.0,4.0
26003,MI,Alger,2,0.5,3.0
21215,KY,Spencer,2,0.5,3.0
29041,MO,Chariton,2,1.0,4.0
17009,IL,Brown,2,0.0,2.0
20043,KS,Doniphan,2,0.0,2.0
17101,IL,Lawrence,2,0.0,2.0
23021,ME,Piscataquis,2,0.0,2.0
54029,WV,Hancock,2,0.0,1.5
53023,WA,Garfield,1,0.0,2.0
46075,SD,Jones,1,0.0,2.0
20201,KS,Washington,1,0.0,2.0
31107,NE,Knox,1,0.0,2.0
48307,TX,McCulloch,1,1.0,3.0
46102,SD,Oglala Lakota,1,1.0,4.0
48385,TX,Real,1,0.0,2.0
48377,TX,Presidio,1,0.0,2.0
46047,SD,Fall River,1,0.0,2.0
20157,KS,Republic,1,1.0,4.0
48433,TX,Stonewall,1,1.0,3.0
31183,NE,Wheeler,1,0.0,2.0
46115,SD,Spink,1,0.0,2.0
31099,NE,Kearney,1,1.0,4.0
20135,KS,Ness,1,1.0,4.0
46091,SD,Marshall,1,0.0,2.0
46059,SD,Hand,1,0.0,2.0
31175,NE,Valley,1,1.0,4.0
46129,SD,Walworth,1,1.0,4.0
46061,SD,Hanson,1,1.0,4.0
48247,TX,Jim Hogg,1,1.0,3.0
20063,KS,Gove,1,1.0,4.0
30019,MT,Daniels,1,0.0,2.0
46051,SD,Grant,1,0.0,2.0
48237,TX,Jack,1,0.0,2.0
46105,SD,Perkins,1,1.0,4.0
20023,KS,Cheyenne,1,0.0,2.0
31097,NE,Johnson,1,0.0,2.0
46065,SD,Hughes,1,0.0,2.0
48033,TX,Borden,1,0.0,2.0
20065,KS,Graham,1,0.0,2.0
46093,SD,Meade,1,1.0,3.0
48379,TX,Rains,1,0.0,2.0
40139,OK,Texas,1,0.0,2.0
40151,OK,Woods,1,1.0,4.0
48101,TX,Cottle,1,0.0,2.0
46053,SD,Gregory,1,1.0,4.0
38057,ND,Mercer,1,0.0,2.0
31051,NE,Dixon,1,1.0,4.0
31045,NE,Dawes,1,1.0,4.0
20047,KS,Edwards,1,1.0,4.0
48125,TX,Dickens,1,1.0,3.0
31063,NE,Frontier,1,0.0,2.0
31077,NE,Greeley,1,1.0,4.0
40061,OK,Haskell,1,0.0,2.0
46009,SD,Bon Homme,1,0.0,2.0
46095,SD,Mellette,1,1.0,4.0
28021,MS,Claiborne,1,1.0,4.0
22049,LA,Jackson,1,0.0,2.0
22035,LA,East Carroll,1,0.0,2.0
48351,TX,Newton,1,1.0,3.0
28157,MS,Wilkinson,1,0.0,2.0
22021,LA,Caldwell,1,1.0,4.0
05077,AR,Lee,1,0.0,2.0
28159,MS,Winston,1,1.0,3.0
22023,LA,Cameron,1,0.0,2.0
22081,LA,Red River,1,1.0,4.0
29015,MO,Benton,1,0.0,2.0
29093,MO,Iron,1,0.0,2.0
55041,WI,Forest,1,1.0,3.0
29171,MO,Putnam,1,1.0,4.0
21193,KY,Perry,1,0.0,2.0
29179,MO,Reynolds,1,0.0,2.0
29067,MO,Douglas,1,0.0,2.0
29149,MO,Oregon,1,0.0,2.0
21075,KY,Fulton,1,0.0,2.0
21133,KY,Letcher,1,0.0,2.0
21189,KY,Owsley,1,0.0,2.0
26131,MI,Ontonagon,1,1.0,4.0
29057,MO,Dade,1,0.0,2.0
21115,KY,Johnson,1,0.0,2.0
47095,TN,Lake,1,0.0,2.0
17025,IL,Clay,1,1.0,3.0
18009,IN,Blackford,1,0.0,2.0
29085,MO,Hickory,1,0.0,2.0
21069,KY,Fleming,1,0.0,2.0
17175,IL,Stark,1,0.0,2.0
21165,KY,Menifee,1,0.0,2.0
21207,KY,Russell,1,0.0,2.0
21109,KY,Jackson,1,0.0,2.0
21017,KY,Bourbon,1,0.0,2.0
21057,KY,Cumberland,1,0.0,2.0
29203,MO,Shannon,1,0.0,2.0
55078,WI,Menominee,1,0.0,2.0
54063,WV,Monroe,1,0.0,2.0
51678,VA,Lexington,1,0.0,2.0
25019,MA,Nantucket,1,0.0,2.0
54073,WV,Pleasants,1,0.0,2.0
54095,WV,Tyler,1,0.0,2.0
54101,WV,Webster,1,0.0,2.0
